run,window,elapsed_s,n_ok,loss,min_ms,p50_ms,p95_ms,p99_ms,max_ms,mean_ms
before-v1.1.2f,0,0.0,50,0,3.822,5.195,55.659,61.683,61.683,11.127
before-v1.1.2f,1,10.0,50,0,3.872,5.176,53.05,73.194,73.194,9.862
before-v1.1.2f,2,20.0,50,0,3.994,6.444,76.836,116.469,116.469,19.228
before-v1.1.2f,3,30.0,50,0,3.833,5.259,52.467,68.172,68.172,11.655
before-v1.1.2f,4,40.0,50,0,3.785,4.788,53.709,74.24,74.24,11.433
before-v1.1.2f,5,50.0,50,0,3.839,5.381,55.15,67.217,67.217,11.944
before-v1.1.2f,6,60.0,50,0,3.88,5.89,54.171,84.446,84.446,13.031
before-v1.1.2f,7,70.0,50,0,3.647,4.689,47.998,57.511,57.511,8.84
before-v1.1.2f,8,80.0,50,0,3.789,6.382,50.834,77.128,77.128,13.834
before-v1.1.2f,9,90.0,50,0,3.767,5.48,54.789,75.978,75.978,12.716
before-v1.1.2f,10,100.0,50,0,3.571,4.718,56.209,73.358,73.358,10.81
before-v1.1.2f,11,110.0,50,0,3.672,6.35,46.855,74.103,74.103,12.126
before-v1.1.2f,12,120.0,50,0,3.833,5.168,50.273,74.456,74.456,10.127
before-v1.1.2f,13,130.0,50,0,3.79,6.743,63.52,71.188,71.188,13.615
before-v1.1.2f,14,140.0,50,0,3.794,7.331,58.999,83.125,83.125,16.157
before-v1.1.2f,15,150.0,50,0,3.747,4.327,49.316,77.256,77.256,9.793
before-v1.1.2f,16,160.0,50,0,3.761,4.616,61.949,74.302,74.302,11.329
before-v1.1.2f,17,170.0,50,0,3.793,5.964,60.432,116.611,116.611,15.664
before-v1.1.2f,18,180.0,50,0,3.788,4.645,44.686,68.995,68.995,10.835
before-v1.1.2f,19,190.0,50,0,3.719,5.043,49.451,70.223,70.223,11.506
before-v1.1.2f,20,200.0,50,0,3.881,5.665,47.067,60.268,60.268,11.921
before-v1.1.2f,21,210.0,50,0,3.505,4.331,47.852,71.012,71.012,10.859
before-v1.1.2f,22,220.0,50,0,3.56,5.549,47.941,70.135,70.135,10.706
before-v1.1.2f,23,230.0,50,0,3.746,5.458,54.765,64.737,64.737,11.208
before-v1.1.2f,24,240.0,50,0,3.706,4.82,52.731,69.18,69.18,9.899
before-v1.1.2f,25,250.0,50,0,3.547,4.38,55.405,77.562,77.562,10.46
before-v1.1.2f,26,260.0,50,0,3.856,5.193,60.889,68.616,68.616,11.827
before-v1.1.2f,27,270.0,50,0,3.821,5.057,64.248,71.915,71.915,12.02
before-v1.1.2f,28,280.0,50,0,3.899,6.133,72.109,121.561,121.561,16.065
before-v1.1.2f,29,290.0,50,0,3.793,5.872,56.683,62.361,62.361,12.473
before-v1.1.2f,30,300.0,50,0,3.883,5.726,52.408,71.684,71.684,11.005
before-v1.1.2f,31,310.0,50,0,3.595,4.33,65.877,128.72,128.72,12.69
before-v1.1.2f,32,320.0,50,0,3.815,5.568,62.851,77.851,77.851,13.965
before-v1.1.2f,33,330.0,50,0,3.795,6.052,50.218,89.469,89.469,12.506
before-v1.1.2f,34,340.0,50,0,3.767,5.255,56.205,71.151,71.151,10.924
before-v1.1.2f,35,350.0,50,0,3.874,5.15,69.477,80.722,80.722,13.009
before-v1.1.2f,36,360.0,50,0,3.724,6.281,61.834,71.644,71.644,13.273
before-v1.1.2f,37,370.0,50,0,3.725,4.354,43.508,64.699,64.699,9.739
before-v1.1.2f,38,380.0,50,0,3.839,7.127,78.512,118.958,118.958,15.959
before-v1.1.2f,39,390.0,50,0,3.513,5.66,68.679,98.413,98.413,16.2
before-v1.1.2f,40,400.0,50,0,3.655,6.122,51.114,64.202,64.202,12.033
before-v1.1.2f,41,410.0,50,0,3.56,5.35,65.305,81.25,81.25,13.402
before-v1.1.2f,42,420.0,50,0,3.744,5.757,43.236,65.891,65.891,11.097
before-v1.1.2f,43,430.0,50,0,3.896,5.47,74.087,78.117,78.117,14.381
before-v1.1.2f,44,440.0,50,0,3.37,8.436,49.196,73.844,73.844,14.925
before-v1.1.2f,45,450.0,50,0,3.814,6.596,75.314,93.765,93.765,20.235
before-v1.1.2f,46,460.0,50,0,4.0,25.099,136.076,157.735,157.735,44.759
before-v1.1.2f,47,470.0,50,0,4.039,20.601,104.62,155.526,155.526,33.321
before-v1.1.2f,48,480.0,50,0,3.732,9.932,96.711,137.79,137.79,26.277
before-v1.1.2f,49,490.0,50,0,3.657,44.555,347.258,478.097,478.097,78.791
before-v1.1.2f,50,500.0,50,0,3.79,22.735,165.727,307.914,307.914,43.063
before-v1.1.2f,51,510.0,50,0,3.323,24.428,112.755,160.93,160.93,36.863
before-v1.1.2f,52,520.0,50,0,3.939,22.286,157.771,162.565,162.565,38.779
before-v1.1.2f,53,530.0,50,0,3.499,30.059,345.673,509.087,509.087,74.51
before-v1.1.2f,54,540.0,50,0,3.722,8.293,109.713,151.634,151.634,31.668
before-v1.1.2f,55,550.0,50,0,4.08,17.658,105.284,136.554,136.554,32.181
before-v1.1.2f,56,560.0,50,0,3.902,33.778,98.504,120.18,120.18,37.684
before-v1.1.2f,57,570.0,50,0,4.034,11.706,57.334,77.65,77.65,19.741
before-v1.1.2f,58,580.0,50,0,4.0,25.071,124.747,173.531,173.531,43.887
before-v1.1.2f,59,590.0,50,0,3.923,13.106,105.372,167.521,167.521,30.836
before-v1.1.2f,60,600.0,50,0,3.839,22.453,107.472,174.324,174.324,34.718
before-v1.1.2f,61,610.0,50,0,4.29,40.233,100.663,164.746,164.746,43.188
before-v1.1.2f,62,620.0,50,0,4.021,35.919,141.008,171.197,171.197,49.747
before-v1.1.2f,63,630.0,50,0,3.819,25.007,116.817,148.703,148.703,47.153
before-v1.1.2f,64,640.0,50,0,4.067,47.068,168.412,203.382,203.382,53.787
before-v1.1.2f,65,650.0,50,0,3.882,39.011,142.785,192.382,192.382,46.479
before-v1.1.2f,66,660.0,50,0,4.639,41.254,209.613,282.201,282.201,64.222
before-v1.1.2f,67,670.0,50,0,4.136,17.038,114.216,149.18,149.18,36.197
before-v1.1.2f,68,680.0,50,0,4.134,27.702,178.954,197.412,197.412,52.776
before-v1.1.2f,69,690.0,50,0,4.076,18.932,126.527,237.363,237.363,40.822
before-v1.1.2f,70,700.0,50,0,3.946,41.46,126.226,157.969,157.969,45.476
before-v1.1.2f,71,710.0,50,0,3.981,25.954,135.0,208.405,208.405,42.677
before-v1.1.2f,72,720.0,50,0,3.708,27.913,203.316,384.003,384.003,63.933
before-v1.1.2f,73,730.0,50,0,4.382,22.155,201.895,218.927,218.927,50.09
before-v1.1.2f,74,740.0,50,0,3.964,10.48,87.041,118.179,118.179,29.557
before-v1.1.2f,75,750.0,50,0,4.023,6.339,55.536,72.827,72.827,13.887
before-v1.1.2f,76,760.0,50,0,3.962,17.686,166.756,313.816,313.816,39.699
before-v1.1.2f,77,770.0,50,0,4.116,7.614,67.19,117.163,117.163,17.597
before-v1.1.2f,78,780.0,50,0,3.966,8.418,63.803,140.684,140.684,18.383
before-v1.1.2f,79,790.0,50,0,4.04,8.51,96.056,127.62,127.62,22.278
before-v1.1.2f,80,800.0,50,0,3.832,8.173,92.855,144.98,144.98,21.678
before-v1.1.2f,81,810.0,50,0,4.017,9.73,67.419,103.366,103.366,20.013
before-v1.1.2f,82,820.0,50,0,3.785,6.504,56.705,72.481,72.481,15.41
before-v1.1.2f,83,830.0,50,0,3.989,9.108,199.912,524.854,524.854,39.191
before-v1.1.2f,84,840.0,50,0,3.779,6.742,72.723,100.912,100.912,17.437
before-v1.1.2f,85,850.0,50,0,3.953,13.334,82.841,177.344,177.344,25.587
before-v1.1.2f,86,860.0,50,0,3.801,5.987,57.037,74.419,74.419,15.654
before-v1.1.2f,87,870.0,50,0,3.968,6.72,60.126,69.17,69.17,14.859
before-v1.1.2f,88,880.0,50,0,3.987,7.472,82.788,95.246,95.246,18.191
before-v1.1.2f,89,890.0,50,0,3.828,5.201,51.537,87.344,87.344,14.508
before-v1.1.2f,90,900.0,50,0,3.91,5.707,75.604,126.007,126.007,20.213
before-v1.1.2f,91,910.0,50,0,4.023,14.634,109.119,264.832,264.832,33.348
before-v1.1.2f,92,920.0,50,0,4.093,9.59,90.499,102.362,102.362,23.098
before-v1.1.2f,93,930.0,50,0,3.65,8.066,54.431,72.995,72.995,15.512
before-v1.1.2f,94,940.0,50,0,3.819,5.285,75.275,89.209,89.209,16.634
before-v1.1.2f,95,950.0,50,0,4.048,8.967,57.492,74.178,74.178,19.139
before-v1.1.2f,96,960.0,50,0,3.982,5.862,83.412,97.362,97.362,17.014
before-v1.1.2f,97,970.0,50,0,3.763,7.483,66.115,88.394,88.394,15.923
before-v1.1.2f,98,980.0,50,0,3.423,6.603,50.856,101.045,101.045,15.068
before-v1.1.2f,99,990.0,50,0,3.868,8.503,180.076,425.043,425.043,37.97
before-v1.1.2f,100,1000.0,50,0,4.027,13.088,54.713,91.278,91.278,17.593
before-v1.1.2f,101,1010.0,50,0,3.719,12.819,76.328,119.755,119.755,25.223
before-v1.1.2f,102,1020.0,50,0,3.901,4.694,54.581,71.963,71.963,11.944
before-v1.1.2f,103,1030.0,50,0,3.899,11.823,74.544,99.868,99.868,19.613
before-v1.1.2f,104,1040.0,50,0,3.511,9.019,88.586,133.701,133.701,23.093
before-v1.1.2f,105,1050.0,50,0,3.938,7.017,67.27,85.051,85.051,16.941
before-v1.1.2f,106,1060.0,50,0,3.929,5.875,61.417,80.543,80.543,15.468
before-v1.1.2f,107,1070.0,50,0,3.846,6.984,58.592,77.723,77.723,17.076
before-v1.1.2f,108,1080.0,50,0,3.904,9.382,54.058,64.647,64.647,17.214
before-v1.1.2f,109,1090.0,50,0,3.841,5.822,38.086,99.942,99.942,13.985
before-v1.1.2f,110,1100.0,50,0,3.92,9.469,177.656,339.838,339.838,35.136
before-v1.1.2f,111,1110.0,50,0,3.756,6.489,46.208,64.549,64.549,14.007
before-v1.1.2f,112,1120.0,50,0,3.749,5.904,54.493,67.743,67.743,15.324
before-v1.1.2f,113,1130.0,50,0,3.768,6.727,70.534,151.779,151.779,18.599
before-v1.1.2f,114,1140.0,50,0,3.7,5.815,76.582,245.961,245.961,27.6
before-v1.1.2f,115,1150.0,50,0,3.897,5.659,68.693,114.501,114.501,15.793
before-v1.1.2f,116,1160.0,50,0,3.896,11.254,59.194,86.339,86.339,18.049
before-v1.1.2f,117,1170.0,50,0,3.727,4.662,66.583,95.104,95.104,13.973
before-v1.1.2f,118,1180.0,50,0,3.826,5.889,71.38,79.442,79.442,15.873
before-v1.1.2f,119,1190.0,50,0,3.853,5.503,51.614,82.832,82.832,14.368
before-v1.1.2f,120,1200.0,50,0,3.943,5.05,64.59,120.283,120.283,19.097
before-v1.1.2f,121,1210.0,50,0,3.952,6.988,49.721,70.438,70.438,13.599
before-v1.1.2f,122,1220.0,50,0,3.913,6.36,61.89,82.326,82.326,15.16
before-v1.1.2f,123,1230.0,50,0,3.688,6.739,91.653,139.848,139.848,16.504
before-v1.1.2f,124,1240.0,50,0,3.95,14.035,88.444,120.156,120.156,24.209
before-v1.1.2f,125,1250.0,50,0,3.919,5.642,65.768,85.131,85.131,18.841
before-v1.1.2f,126,1260.0,50,0,3.933,9.798,96.684,111.261,111.261,20.839
before-v1.1.2f,127,1270.0,50,0,3.844,5.766,78.86,83.59,83.59,20.506
before-v1.1.2f,128,1280.0,50,0,4.054,29.881,272.611,562.151,562.151,66.949
before-v1.1.2f,129,1290.0,50,0,3.771,7.884,239.135,336.398,336.398,44.998
before-v1.1.2f,130,1300.0,50,0,3.997,6.829,70.281,79.844,79.844,18.051
before-v1.1.2f,131,1310.0,50,0,3.967,9.403,82.396,101.758,101.758,24.787
before-v1.1.2f,132,1320.0,50,0,4.039,6.315,78.148,114.98,114.98,18.901
before-v1.1.2f,133,1330.0,50,0,3.633,5.306,56.999,72.793,72.793,13.691
before-v1.1.2f,134,1340.0,50,0,3.893,6.908,46.658,70.538,70.538,15.785
before-v1.1.2f,135,1350.0,50,0,3.882,9.213,41.962,68.99,68.99,14.288
before-v1.1.2f,136,1360.0,50,0,3.765,5.29,34.23,74.65,74.65,10.111
before-v1.1.2f,137,1370.0,50,0,3.954,23.791,246.562,482.55,482.55,55.75
before-v1.1.2f,138,1380.0,50,0,3.849,5.923,49.651,110.311,110.311,13.274
before-v1.1.2f,139,1390.0,50,0,3.8,5.343,33.373,35.717,35.717,9.86
before-v1.1.2f,140,1400.0,50,0,3.84,7.279,45.025,67.73,67.73,14.151
before-v1.1.2f,141,1410.0,50,0,3.713,4.974,33.747,63.794,63.794,10.233
before-v1.1.2f,142,1420.0,50,0,3.784,4.653,30.169,44.217,44.217,9.972
before-v1.1.2f,143,1430.0,50,0,3.873,10.689,38.54,85.521,85.521,15.035
before-v1.1.2f,144,1440.0,50,0,3.764,5.785,50.857,68.487,68.487,14.315
before-v1.1.2f,145,1450.0,50,0,3.905,6.786,51.596,68.156,68.156,14.487
before-v1.1.2f,146,1460.0,50,0,3.87,11.558,43.103,60.343,60.343,15.812
before-v1.1.2f,147,1470.0,50,0,3.913,6.768,34.746,57.751,57.751,12.23
before-v1.1.2f,148,1480.0,50,0,3.929,9.253,43.322,65.182,65.182,15.039
before-v1.1.2f,149,1490.0,50,0,3.915,5.572,23.553,50.277,50.277,9.46
before-v1.1.2f,150,1500.0,50,0,3.829,9.423,46.959,68.543,68.543,17.27
before-v1.1.2f,151,1510.0,50,0,3.851,5.16,17.055,27.023,27.023,6.84
before-v1.1.2f,152,1520.0,50,0,3.626,5.014,27.839,40.035,40.035,8.669
before-v1.1.2f,153,1530.0,50,0,3.538,7.11,54.246,85.868,85.868,15.311
before-v1.1.2f,154,1540.0,50,0,3.662,7.488,47.379,53.223,53.223,13.524
before-v1.1.2f,155,1550.0,50,0,3.741,7.58,123.273,246.359,246.359,24.616
before-v1.1.2f,156,1560.0,50,0,4.131,29.262,134.719,243.837,243.837,46.437
before-v1.1.2f,157,1570.0,50,0,3.431,8.148,33.264,42.867,42.867,12.177
before-v1.1.2f,158,1580.0,50,0,3.778,6.165,51.319,92.37,92.37,16.627
before-v1.1.2f,159,1590.0,50,0,3.774,10.178,45.621,107.287,107.287,17.886
before-v1.1.2f,160,1600.0,50,0,3.759,6.51,45.975,55.538,55.538,12.777
before-v1.1.2f,161,1610.0,50,0,3.775,10.573,46.252,53.243,53.243,16.225
before-v1.1.2f,162,1620.0,50,0,3.844,5.12,29.805,89.392,89.392,10.539
before-v1.1.2f,163,1630.0,50,0,3.909,5.836,45.625,58.918,58.918,12.311
before-v1.1.2f,164,1640.0,50,0,3.753,5.14,38.081,43.952,43.952,9.371
before-v1.1.2f,165,1650.0,50,0,3.97,7.238,48.122,96.494,96.494,13.912
before-v1.1.2f,166,1660.0,50,0,3.963,14.215,111.569,309.697,309.697,34.394
before-v1.1.2f,167,1670.0,50,0,3.874,42.938,616.28,1030.239,1030.239,132.818
before-v1.1.2f,168,1680.0,50,0,4.02,13.663,77.778,85.168,85.168,24.242
before-v1.1.2f,169,1690.0,50,0,3.805,12.162,113.372,195.417,195.417,31.351
before-v1.1.2f,170,1700.0,50,0,3.972,14.215,163.993,198.443,198.443,37.741
before-v1.1.2f,171,1710.0,50,0,3.973,59.553,214.877,268.74,268.74,76.029
before-v1.1.2f,172,1720.0,50,0,4.556,27.513,231.898,433.286,433.286,61.117
before-v1.1.2f,173,1730.0,50,0,4.009,19.654,130.869,134.884,134.884,38.083
before-v1.1.2f,174,1740.0,50,0,4.099,53.923,217.608,276.529,276.529,70.989
before-v1.1.2f,175,1750.0,50,0,4.021,30.472,191.172,257.513,257.513,54.226
before-v1.1.2f,176,1760.0,50,0,4.544,14.513,76.482,153.774,153.774,25.203
before-v1.1.2f,177,1770.0,50,0,3.88,18.843,106.426,208.254,208.254,32.648
before-v1.1.2f,178,1780.0,50,0,3.896,25.802,109.007,200.78,200.78,37.682
before-v1.1.2f,179,1790.0,50,0,3.692,16.67,83.747,145.818,145.818,28.161
after-v1.2.2,0,0.0,50,0,3.695,5.271,56.625,174.815,174.815,12.504
after-v1.2.2,1,10.0,50,0,3.684,4.31,54.899,69.567,69.567,10.581
after-v1.2.2,2,20.0,50,0,3.786,5.124,55.62,72.635,72.635,13.497
after-v1.2.2,3,30.0,50,0,3.806,4.749,52.832,62.417,62.417,9.84
after-v1.2.2,4,40.0,50,0,3.718,5.206,47.208,70.625,70.625,10.103
after-v1.2.2,5,50.0,50,0,3.714,4.159,55.477,71.901,71.901,10.847
after-v1.2.2,6,60.0,50,0,3.718,5.121,67.136,95.215,95.215,14.541
after-v1.2.2,7,70.0,50,0,3.611,6.286,61.276,64.622,64.622,12.111
after-v1.2.2,8,80.0,50,0,3.699,5.193,66.367,72.065,72.065,11.87
after-v1.2.2,9,90.0,50,0,3.784,7.143,59.917,83.579,83.579,15.708
after-v1.2.2,10,100.0,50,0,3.646,5.358,60.412,71.11,71.11,11.257
after-v1.2.2,11,110.0,50,0,3.69,5.346,48.293,74.059,74.059,10.435
after-v1.2.2,12,120.0,50,0,3.679,5.741,61.012,69.225,69.225,12.185
after-v1.2.2,13,130.0,50,0,3.646,5.913,39.307,63.068,63.068,10.929
after-v1.2.2,14,140.0,50,0,3.731,5.067,69.119,75.32,75.32,11.719
after-v1.2.2,15,150.0,50,0,3.569,4.904,72.755,73.354,73.354,12.572
after-v1.2.2,16,160.0,50,0,3.705,5.237,61.544,95.076,95.076,12.381
after-v1.2.2,17,170.0,50,0,3.693,5.333,183.52,271.117,271.117,35.059
after-v1.2.2,18,180.0,50,0,3.827,4.72,71.249,73.467,73.467,11.927
after-v1.2.2,19,190.0,50,0,3.809,4.577,54.325,81.093,81.093,10.964
after-v1.2.2,20,200.0,50,0,3.754,4.757,52.769,73.975,73.975,10.394
after-v1.2.2,21,210.0,50,0,3.63,4.456,52.886,71.337,71.337,10.861
after-v1.2.2,22,220.0,50,0,3.626,4.831,57.987,75.484,75.484,10.581
after-v1.2.2,23,230.0,50,0,3.792,73.286,703.191,1025.547,1025.547,195.649
after-v1.2.2,24,240.0,50,0,3.599,44.019,843.987,1046.082,1046.082,242.624
after-v1.2.2,25,250.0,50,0,3.627,6.156,67.33,91.142,91.142,19.641
after-v1.2.2,26,260.0,50,0,3.634,4.757,51.032,71.377,71.377,12.85
after-v1.2.2,27,270.0,50,0,3.723,5.554,61.309,92.083,92.083,15.12
after-v1.2.2,28,280.0,50,0,3.695,4.726,45.281,73.65,73.65,9.011
after-v1.2.2,29,290.0,50,0,3.749,4.266,41.705,69.647,69.647,9.216
after-v1.2.2,30,300.0,50,0,3.765,4.231,41.746,59.302,59.302,8.737
after-v1.2.2,31,310.0,50,0,3.514,4.663,44.54,68.892,68.892,10.842
after-v1.2.2,32,320.0,50,0,3.812,5.449,49.786,67.648,67.648,10.301
after-v1.2.2,33,330.0,50,0,3.764,5.061,45.22,63.975,63.975,9.579
after-v1.2.2,34,340.0,50,0,3.88,4.781,46.049,70.726,70.726,9.616
after-v1.2.2,35,350.0,50,0,3.714,5.373,58.649,88.026,88.026,11.478
after-v1.2.2,36,360.0,50,0,3.586,5.458,48.526,71.749,71.749,11.354
after-v1.2.2,37,370.0,50,0,3.682,4.665,57.842,67.579,67.579,11.865
after-v1.2.2,38,380.0,50,0,3.674,4.755,65.302,80.513,80.513,11.603
after-v1.2.2,39,390.0,50,0,3.695,4.386,65.798,74.486,74.486,10.542
after-v1.2.2,40,400.0,50,0,3.616,5.082,53.228,56.188,56.188,8.898
after-v1.2.2,41,410.0,50,0,3.669,4.403,51.307,71.749,71.749,11.471
after-v1.2.2,42,420.0,50,0,3.615,7.289,67.465,118.186,118.186,19.148
after-v1.2.2,43,430.0,50,0,3.646,4.994,51.463,75.337,75.337,10.601
after-v1.2.2,44,440.0,50,0,3.653,4.733,66.384,80.411,80.411,11.76
after-v1.2.2,45,450.0,50,0,3.661,5.27,70.031,83.437,83.437,13.486
after-v1.2.2,46,460.0,50,0,3.59,5.52,243.406,359.196,359.196,34.662
after-v1.2.2,47,470.0,50,0,3.708,4.729,70.056,134.695,134.695,15.924
after-v1.2.2,48,480.0,50,0,3.771,5.4,74.633,125.546,125.546,16.685
after-v1.2.2,49,490.0,50,0,3.586,5.066,73.85,126.267,126.267,16.844
after-v1.2.2,50,500.0,50,0,3.617,4.962,60.327,73.739,73.739,11.087
after-v1.2.2,51,510.0,50,0,3.691,5.315,55.676,78.912,78.912,11.986
after-v1.2.2,52,520.0,50,0,3.764,7.256,1837.583,2154.565,2154.565,417.957
after-v1.2.2,53,530.0,50,0,3.716,4.805,63.714,72.81,72.81,11.179
after-v1.2.2,54,540.0,50,0,3.627,5.946,62.641,65.312,65.312,12.791
after-v1.2.2,55,550.0,50,0,3.636,5.021,51.544,69.71,69.71,10.861
after-v1.2.2,56,560.0,50,0,3.57,4.658,53.511,61.332,61.332,9.714
after-v1.2.2,57,570.0,50,0,3.562,4.846,67.623,77.609,77.609,11.619
after-v1.2.2,58,580.0,50,0,3.716,4.424,42.79,61.336,61.336,8.478
after-v1.2.2,59,590.0,50,0,3.657,4.77,53.973,73.119,73.119,10.249
after-v1.2.2,60,600.0,50,0,3.69,5.421,61.434,72.68,72.68,12.579
after-v1.2.2,61,610.0,50,0,3.517,4.523,61.071,71.741,71.741,11.163
after-v1.2.2,62,620.0,50,0,3.506,4.843,70.997,79.256,79.256,13.625
after-v1.2.2,63,630.0,50,0,3.587,4.892,48.637,53.518,53.518,9.881
after-v1.2.2,64,640.0,50,0,3.543,4.177,49.599,78.158,78.158,10.464
after-v1.2.2,65,650.0,50,0,3.685,5.534,51.664,68.455,68.455,10.835
after-v1.2.2,66,660.0,50,0,3.551,4.104,51.006,65.792,65.792,9.673
after-v1.2.2,67,670.0,50,0,3.623,4.671,75.636,155.561,155.561,14.999
after-v1.2.2,68,680.0,50,0,3.946,13.597,73.097,93.526,93.526,23.054
after-v1.2.2,69,690.0,50,0,3.571,6.508,70.449,78.907,78.907,13.979
after-v1.2.2,70,700.0,50,0,3.589,4.754,49.431,63.73,63.73,9.297
after-v1.2.2,71,710.0,50,0,3.623,5.508,59.556,70.666,70.666,10.637
after-v1.2.2,72,720.0,50,0,3.705,4.366,63.769,72.12,72.12,10.857
after-v1.2.2,73,730.0,50,0,3.701,5.424,66.732,80.248,80.248,12.578
after-v1.2.2,74,740.0,50,0,3.675,5.98,65.944,74.307,74.307,12.431
after-v1.2.2,75,750.0,50,0,3.699,5.44,49.126,73.026,73.026,10.432
after-v1.2.2,76,760.0,50,0,3.776,5.769,46.716,71.49,71.49,10.686
after-v1.2.2,77,770.0,50,0,3.766,5.436,52.703,60.412,60.412,9.882
after-v1.2.2,78,780.0,50,0,3.751,4.152,49.236,76.419,76.419,11.283
after-v1.2.2,79,790.0,50,0,3.834,5.305,69.206,86.423,86.423,14.787
after-v1.2.2,80,800.0,50,0,3.657,4.731,59.29,80.763,80.763,11.504
after-v1.2.2,81,810.0,50,0,3.598,4.257,43.62,54.834,54.834,8.916
after-v1.2.2,82,820.0,50,0,3.701,4.636,73.18,98.797,98.797,14.503
after-v1.2.2,83,830.0,50,0,3.599,4.571,65.286,73.896,73.896,11.47
after-v1.2.2,84,840.0,50,0,3.658,4.544,53.188,70.801,70.801,10.274
after-v1.2.2,85,850.0,50,0,3.531,4.319,44.745,93.937,93.937,11.186
after-v1.2.2,86,860.0,50,0,3.559,6.028,50.687,77.536,77.536,12.676
after-v1.2.2,87,870.0,50,0,3.39,3.937,46.355,56.397,56.397,7.976
after-v1.2.2,88,880.0,50,0,3.571,4.761,41.156,71.711,71.711,10.175
after-v1.2.2,89,890.0,50,0,3.593,5.473,51.411,74.1,74.1,10.472
after-v1.2.2,90,900.0,50,0,3.588,4.042,59.56,71.38,71.38,9.984
after-v1.2.2,91,910.0,50,0,3.64,4.998,62.048,74.204,74.204,11.411
after-v1.2.2,92,920.0,50,0,3.603,5.316,52.111,60.285,60.285,9.305
after-v1.2.2,93,930.0,50,0,3.587,4.025,51.844,72.181,72.181,9.562
after-v1.2.2,94,940.0,50,0,3.599,5.269,65.426,88.383,88.383,13.016
after-v1.2.2,95,950.0,50,0,3.588,5.516,53.835,101.963,101.963,13.875
after-v1.2.2,96,960.0,50,0,3.646,4.654,50.965,65.08,65.08,9.386
after-v1.2.2,97,970.0,50,0,3.59,6.466,59.888,87.744,87.744,15.687
after-v1.2.2,98,980.0,50,0,3.431,4.868,58.197,73.468,73.468,11.533
after-v1.2.2,99,990.0,50,0,3.719,4.182,46.189,70.469,70.469,9.837
after-v1.2.2,100,1000.0,50,0,3.623,5.095,58.757,72.082,72.082,10.379
after-v1.2.2,101,1010.0,50,0,3.73,4.947,58.016,65.048,65.048,10.867
after-v1.2.2,102,1020.0,50,0,3.655,4.163,67.926,82.318,82.318,11.848
after-v1.2.2,103,1030.0,50,0,3.715,5.018,43.934,58.049,58.049,9.083
after-v1.2.2,104,1040.0,50,0,3.59,4.043,67.74,70.47,70.47,11.237
after-v1.2.2,105,1050.0,50,0,3.739,4.325,52.399,57.701,57.701,9.178
after-v1.2.2,106,1060.0,50,0,3.534,5.296,46.607,71.935,71.935,10.816
after-v1.2.2,107,1070.0,50,0,3.748,4.723,52.223,70.464,70.464,10.907
after-v1.2.2,108,1080.0,50,0,3.79,4.983,47.048,71.823,71.823,10.495
after-v1.2.2,109,1090.0,50,0,3.714,4.471,51.078,64.975,64.975,9.881
after-v1.2.2,110,1100.0,50,0,3.628,4.608,57.262,83.524,83.524,10.461
after-v1.2.2,111,1110.0,50,0,3.605,4.275,55.508,76.241,76.241,10.813
after-v1.2.2,112,1120.0,50,0,3.652,5.2,55.172,116.552,116.552,13.298
after-v1.2.2,113,1130.0,50,0,3.696,5.012,53.846,73.9,73.9,10.569
after-v1.2.2,114,1140.0,50,0,3.585,4.367,66.589,72.152,72.152,10.753
after-v1.2.2,115,1150.0,50,0,3.447,5.461,53.334,78.484,78.484,13.153
after-v1.2.2,116,1160.0,50,0,3.577,4.909,45.168,65.797,65.797,9.312
after-v1.2.2,117,1170.0,50,0,3.552,4.588,63.354,77.059,77.059,10.964
after-v1.2.2,118,1180.0,50,0,3.69,5.119,66.472,70.533,70.533,10.921
after-v1.2.2,119,1190.0,50,0,3.609,4.886,53.766,68.162,68.162,10.433
after-v1.2.2,120,1200.0,50,0,3.575,4.96,38.771,69.139,69.139,10.113
after-v1.2.2,121,1210.0,50,0,3.689,4.695,62.666,68.889,68.889,11.145
after-v1.2.2,122,1220.0,50,0,3.756,4.264,61.519,63.277,63.277,10.104
after-v1.2.2,123,1230.0,50,0,3.701,5.118,57.273,70.676,70.676,12.565
after-v1.2.2,124,1240.0,50,0,3.523,4.398,49.764,62.985,62.985,9.104
after-v1.2.2,125,1250.0,50,0,3.654,5.577,44.842,65.276,65.276,10.998
after-v1.2.2,126,1260.0,50,0,3.708,5.43,46.322,77.354,77.354,10.866
after-v1.2.2,127,1270.0,50,0,3.705,4.751,58.687,68.337,68.337,12.183
after-v1.2.2,128,1280.0,50,0,3.697,5.488,44.513,68.473,68.473,10.268
after-v1.2.2,129,1290.0,50,0,3.729,4.972,54.954,74.222,74.222,10.824
after-v1.2.2,130,1300.0,50,0,3.69,5.438,46.055,66.428,66.428,10.368
after-v1.2.2,131,1310.0,50,0,3.65,4.696,55.302,66.582,66.582,9.67
after-v1.2.2,132,1320.0,50,0,3.64,5.506,59.525,73.891,73.891,12.189
after-v1.2.2,133,1330.0,50,0,3.701,4.261,36.484,61.675,61.675,12.184
after-v1.2.2,134,1340.0,50,0,3.797,4.332,48.353,72.757,72.757,9.934
after-v1.2.2,135,1350.0,50,0,3.603,4.834,61.848,69.116,69.116,10.425
after-v1.2.2,136,1360.0,50,0,3.627,5.32,51.74,56.819,56.819,11.043
after-v1.2.2,137,1370.0,50,0,3.713,5.557,61.225,73.526,73.526,11.26
after-v1.2.2,138,1380.0,50,0,3.566,4.445,53.815,73.316,73.316,10.406
after-v1.2.2,139,1390.0,50,0,3.693,4.855,60.873,73.763,73.763,11.566
after-v1.2.2,140,1400.0,50,0,3.702,4.135,44.927,59.591,59.591,8.815
after-v1.2.2,141,1410.0,50,0,3.677,4.475,72.629,88.044,88.044,15.13
after-v1.2.2,142,1420.0,50,0,3.662,5.773,55.482,71.746,71.746,11.057
after-v1.2.2,143,1430.0,50,0,3.638,4.445,55.495,73.123,73.123,10.222
after-v1.2.2,144,1440.0,50,0,3.661,4.984,53.013,72.488,72.488,10.151
after-v1.2.2,145,1450.0,50,0,3.665,5.719,54.658,88.374,88.374,13.071
after-v1.2.2,146,1460.0,50,0,3.569,4.118,47.654,59.947,59.947,8.96
after-v1.2.2,147,1470.0,50,0,3.694,5.147,43.794,56.304,56.304,9.02
after-v1.2.2,148,1480.0,50,0,3.697,4.524,52.846,67.937,67.937,10.358
after-v1.2.2,149,1490.0,50,0,3.655,4.266,70.839,73.09,73.09,11.722
after-v1.2.2,150,1500.0,50,0,3.597,6.49,71.361,99.366,99.366,16.59
after-v1.2.2,151,1510.0,50,0,3.391,4.451,61.37,71.548,71.548,11.248
after-v1.2.2,152,1520.0,50,0,3.632,4.317,47.721,69.911,69.911,8.822
after-v1.2.2,153,1530.0,50,0,3.617,4.528,62.139,70.358,70.358,10.6
after-v1.2.2,154,1540.0,50,0,3.612,4.504,47.89,70.234,70.234,9.894
after-v1.2.2,155,1550.0,50,0,3.587,4.762,53.324,73.564,73.564,10.83
after-v1.2.2,156,1560.0,50,0,3.563,4.323,51.159,62.455,62.455,9.147
after-v1.2.2,157,1570.0,50,0,3.672,5.041,54.439,67.974,67.974,10.369
after-v1.2.2,158,1580.0,50,0,3.635,4.013,41.557,72.353,72.353,9.355
after-v1.2.2,159,1590.0,50,0,3.637,4.135,59.399,70.113,70.113,11.04
after-v1.2.2,160,1600.0,50,0,3.61,5.782,62.015,76.893,76.893,14.383
after-v1.2.2,161,1610.0,50,0,3.577,6.024,65.181,72.845,72.845,13.293
after-v1.2.2,162,1620.0,50,0,3.621,4.762,44.247,61.77,61.77,9.335
after-v1.2.2,163,1630.0,50,0,3.606,4.654,56.758,69.169,69.169,10.251
after-v1.2.2,164,1640.0,50,0,3.594,5.164,55.311,62.271,62.271,12.555
after-v1.2.2,165,1650.0,50,0,3.808,4.296,59.269,75.614,75.614,10.645
after-v1.2.2,166,1660.0,50,0,3.718,4.186,54.909,95.287,95.287,11.01
after-v1.2.2,167,1670.0,50,0,3.504,6.043,62.43,88.593,88.593,14.341
after-v1.2.2,168,1680.0,50,0,3.678,5.795,66.339,86.958,86.958,15.92
after-v1.2.2,169,1690.0,50,0,3.7,4.277,69.577,96.337,96.337,13.815
after-v1.2.2,170,1700.0,50,0,3.755,5.227,50.952,106.596,106.596,12.235
after-v1.2.2,171,1710.0,50,0,3.791,5.532,85.451,136.238,136.238,17.318
after-v1.2.2,172,1720.0,50,0,3.642,6.241,46.739,67.694,67.694,11.47
after-v1.2.2,173,1730.0,50,0,3.689,4.471,61.727,73.902,73.902,10.834
after-v1.2.2,174,1740.0,50,0,3.837,5.6,63.88,85.574,85.574,13.152
after-v1.2.2,175,1750.0,50,0,3.671,5.597,62.366,74.293,74.293,12.648
after-v1.2.2,176,1760.0,50,0,3.776,5.538,49.013,73.33,73.33,11.144
after-v1.2.2,177,1770.0,50,0,3.597,4.286,53.135,73.584,73.584,9.949
after-v1.2.2,178,1780.0,50,0,3.82,6.307,56.242,71.068,71.068,11.046
after-v1.2.2,179,1790.0,50,0,3.779,4.945,50.312,60.105,60.105,11.939
