datetime_utc,elapsed_s,window_s,centroid_cs,delta_pct,counts_in_window,total_counts,dev_time_s,live_time_s,cps,hist_drop,hist_drop_delta,t1,t2,t3,seg_count,seg_dropped,total_rows,flash_rows,uptime_s,free_heap,status,events
2026-07-03T20:47:40.386526+00:00,128.777,60,1432.5853,0.00000,21105,283508,880,879.2,336,4,0,0.0,0.0,0.0,2,0,27,27,1612,3830656,BASELINE,
2026-07-03T20:48:44.792884+00:00,193.183,60,1435.5321,0.00000,20622,304130,944,943.2,310,4,0,0.0,0.0,0.0,2,0,28,28,1677,3830656,BASELINE,
2026-07-03T20:49:49.211049+00:00,257.602,60,1435.1493,0.00000,21117,325247,1009,1008.1,331,4,0,0.0,0.0,0.0,2,0,29,29,1741,3830656,BASELINE,
2026-07-03T20:50:53.518213+00:00,321.909,60,1436.7297,0.00000,20565,345812,1073,1072.0,336,4,0,0.0,0.0,0.0,2,0,30,30,1805,3830656,BASELINE,
2026-07-03T20:51:57.834380+00:00,386.226,60,1436.4425,0.00000,20562,366374,1137,1136.0,337,4,0,27.0,0.0,0.0,2,0,31,31,1870,3830656,BASELINE,DEVLOG=1
2026-07-03T20:53:02.170608+00:00,450.561,60,1435.2504,-0.01962,21092,387466,1202,1200.9,283,4,0,27.0,0.0,0.0,3,0,33,33,1934,3835508,OK,SEG_ROLLOVER
2026-07-03T20:54:06.932216+00:00,515.323,60,1436.8697,0.09318,20906,408372,1266,1264.9,323,4,0,27.0,0.0,0.0,3,0,34,34,1999,3830632,OK,
2026-07-03T20:56:18.788281+00:00,647.179,60,1434.6958,-0.05825,20893,21304,64,63.9,324,1,-3,27.0,0.0,0.0,0,0,1,1,68,3834264,OK,BOARD_REBOOT
2026-07-03T20:57:23.217043+00:00,711.608,60,1434.4973,-0.07208,20826,42130,129,128.9,367,1,0,27.0,0.0,0.0,0,0,2,2,132,3833880,OK,
2026-07-03T20:58:27.653097+00:00,776.044,60,1434.3533,-0.08211,20716,62846,193,192.8,338,2,1,27.0,0.0,0.0,0,0,3,3,197,3833880,OK,HIST_DROP_DELTA=1
2026-07-03T20:59:31.857621+00:00,840.248,60,1433.1280,-0.16747,20502,83348,257,256.8,308,2,0,27.0,0.0,0.0,0,0,4,4,261,3833692,OK,
2026-07-03T21:00:36.269771+00:00,904.660,60,1434.7133,-0.05704,21013,104361,322,321.7,297,2,0,27.0,0.0,0.0,0,0,5,5,325,3833680,OK,
2026-07-03T21:01:40.569567+00:00,968.960,60,1433.4513,-0.14495,20617,124978,386,385.7,333,2,0,27.0,0.0,0.0,0,0,6,6,390,3833680,OK,
2026-07-03T21:02:44.871825+00:00,1033.262,60,1436.7937,0.08788,20625,145603,450,449.6,307,3,1,27.0,0.0,0.0,0,0,7,7,454,3833680,OK,HIST_DROP_DELTA=1
2026-07-03T21:03:49.225774+00:00,1097.616,60,1434.4835,-0.07305,21120,166723,515,514.5,318,3,0,27.0,0.0,0.0,0,0,8,8,518,3833680,OK,
2026-07-03T21:04:53.687936+00:00,1162.079,60,1435.4614,-0.00493,20591,187314,579,578.5,333,3,0,27.0,0.0,0.0,0,0,9,9,583,3833680,OK,
2026-07-03T21:05:58.145954+00:00,1226.537,60,1433.7250,-0.12588,20586,207900,643,642.4,331,3,0,27.0,0.0,0.0,0,0,10,10,647,3833684,OK,
2026-07-03T21:07:02.658186+00:00,1291.049,60,1432.8137,-0.18937,20945,228845,708,707.4,322,3,0,27.0,0.0,0.0,1,0,11,11,712,3838560,OK,SEG_ROLLOVER
2026-07-03T21:08:07.086678+00:00,1355.477,60,1435.6183,0.00600,20622,249467,772,771.3,314,3,0,27.0,0.0,0.0,1,0,12,12,776,3833652,OK,
2026-07-03T21:09:11.543789+00:00,1419.934,60,1433.6874,-0.12850,20984,270451,837,836.2,297,3,0,27.0,0.0,0.0,1,0,13,13,841,3833664,OK,
2026-07-03T21:10:15.911113+00:00,1484.302,60,1431.7957,-0.26028,20618,291069,901,900.2,311,3,0,27.0,0.0,0.0,1,0,15,15,905,3833664,OK,
2026-07-03T21:11:20.271644+00:00,1548.662,60,1434.1953,-0.09313,21040,312109,966,965.1,300,4,1,27.0,0.0,0.0,1,0,16,16,969,3833664,OK,HIST_DROP_DELTA=1
2026-07-03T21:12:24.496408+00:00,1612.887,60,1432.0888,-0.23986,20779,332888,1030,1029.1,331,4,0,27.0,0.0,0.0,1,0,17,17,1034,3833664,OK,
2026-07-03T21:13:29.032316+00:00,1677.423,60,1433.3263,-0.15365,20223,353111,1094,1093.0,290,5,1,27.0,0.0,0.0,1,0,18,18,1098,3833664,OK,HIST_DROP_DELTA=1
2026-07-03T21:14:33.337600+00:00,1741.728,60,1435.3655,-0.01161,21065,374176,1159,1158.0,339,5,0,27.0,0.0,0.0,1,0,19,19,1162,3833652,OK,
2026-07-03T21:15:37.596206+00:00,1805.987,60,1432.5625,-0.20686,20885,395061,1223,1221.9,361,5,0,27.0,0.0,0.0,1,0,20,20,1227,3833664,OK,
2026-07-03T21:16:42.086466+00:00,1870.477,60,1438.2400,0.18864,20779,415840,1287,1285.8,324,5,0,27.0,0.0,0.0,1,0,21,21,1291,3833652,OK,
2026-07-03T21:17:46.541471+00:00,1934.932,60,1431.7776,-0.26154,20755,436595,1352,1350.8,326,5,0,27.0,0.0,0.0,2,0,22,22,1356,3838516,OK,SEG_ROLLOVER
2026-07-03T21:18:50.949395+00:00,1999.340,60,1433.7333,-0.12530,20614,457209,1416,1414.7,301,5,0,27.0,0.0,0.0,2,0,23,23,1420,3833652,OK,
2026-07-03T21:19:55.309958+00:00,2063.701,60,1434.8992,-0.04409,20846,478055,1481,1479.7,297,6,1,27.0,0.0,0.0,2,0,24,24,1484,3833652,OK,HIST_DROP_DELTA=1
2026-07-03T21:20:59.618199+00:00,2128.009,60,1436.3890,0.05969,20782,498837,1545,1543.6,339,6,0,27.0,0.0,0.0,2,0,25,25,1549,3833652,OK,
2026-07-03T21:22:03.920691+00:00,2192.311,60,1435.9713,0.03059,20585,519422,1609,1607.6,305,6,0,27.0,0.0,0.0,2,0,26,26,1613,3833652,OK,
2026-07-03T21:24:12.436190+00:00,2320.827,60,1438.1081,0.17945,20721,37948,118,117.9,312,1,-5,0.0,0.0,0.0,0,0,1,1,121,3834204,OK,BOARD_REBOOT
2026-07-03T21:25:16.646616+00:00,2385.037,60,1436.2037,0.04678,20323,58271,181,180.8,316,4,3,0.0,0.0,0.0,0,0,3,3,185,3833768,OK,HIST_DROP_DELTA=3
2026-07-03T21:26:20.752175+00:00,2449.143,60,1436.3249,0.05523,20857,79128,246,245.8,305,4,0,0.0,0.0,0.0,0,0,4,4,249,3833760,OK,
2026-07-03T21:27:25.102409+00:00,2513.493,60,1435.9061,0.02605,20521,99649,310,309.7,317,4,0,0.0,0.0,0.0,0,0,5,5,314,3833336,OK,
2026-07-03T21:28:29.423244+00:00,2577.814,60,1437.9107,0.16570,20464,120113,374,373.7,304,4,0,0.0,0.0,0.0,0,0,6,6,378,3833548,OK,
2026-07-03T21:29:33.760882+00:00,2642.151,60,1432.8849,-0.18441,20949,141062,439,438.6,303,4,0,0.0,0.0,0.0,0,0,7,7,442,3833760,OK,
2026-07-03T21:30:37.986610+00:00,2706.377,60,1435.7311,0.01386,20556,161618,503,502.5,359,4,0,0.0,0.0,0.0,0,0,8,8,507,3833640,OK,
2026-07-03T21:31:42.627086+00:00,2771.018,60,1435.1259,-0.02830,20413,182031,567,566.5,313,4,0,0.0,0.0,0.0,0,0,9,9,571,3833760,OK,
2026-07-03T21:32:46.991239+00:00,2835.382,60,1435.0048,-0.03673,21134,203165,632,631.4,319,5,1,0.0,0.0,0.0,0,0,10,10,635,3833760,OK,HIST_DROP_DELTA=1
2026-07-03T21:33:51.301601+00:00,2899.692,60,1434.2276,-0.09087,20522,223687,696,695.4,341,5,0,0.0,0.0,0.0,1,0,11,11,700,3838624,OK,SEG_ROLLOVER
2026-07-03T21:34:55.512725+00:00,2963.903,60,1431.7734,-0.26183,21165,244852,761,760.3,307,6,1,0.0,0.0,0.0,1,0,12,12,764,3833716,OK,HIST_DROP_DELTA=1
2026-07-03T21:35:59.718853+00:00,3028.109,60,1431.4638,-0.28340,20528,265380,825,824.3,335,7,1,0.0,0.0,0.0,1,0,13,13,828,3833728,OK,HIST_DROP_DELTA=1
2026-07-03T21:37:04.022965+00:00,3092.414,60,1433.6636,-0.13016,20697,286077,889,888.2,342,7,0,0.0,0.0,0.0,1,0,14,14,893,3833728,OK,
2026-07-03T21:38:08.320576+00:00,3156.711,60,1433.4087,-0.14792,20534,306611,953,952.1,328,8,1,0.0,0.0,0.0,1,0,15,15,957,3833724,OK,HIST_DROP_DELTA=1
2026-07-03T21:39:12.750560+00:00,3221.141,60,1441.0364,0.38343,20929,327540,1018,1017.1,313,10,2,0.0,0.0,0.0,1,0,16,16,1021,3833728,OK,HIST_DROP_DELTA=2
2026-07-03T21:40:17.056981+00:00,3285.448,60,1435.3676,-0.01146,20661,348201,1082,1081.0,347,11,1,0.0,0.0,0.0,1,0,18,18,1086,3833728,OK,HIST_DROP_DELTA=1
2026-07-03T21:41:21.481472+00:00,3349.872,60,1434.9053,-0.04366,20818,369019,1147,1146.0,322,11,0,0.0,0.0,0.0,1,0,19,19,1150,3833728,OK,
2026-07-03T21:42:25.847081+00:00,3414.238,60,1433.3910,-0.14915,20543,389562,1211,1209.9,332,11,0,0.0,0.0,0.0,1,0,20,20,1215,3833728,OK,
2026-07-03T22:05:35.345702+00:00,4803.736,60,1431.4514,-0.28427,19929,32912,101,100.9,326,1,-10,26.5,0.0,0.0,0,0,3,3,104,3833660,OK,BOARD_REBOOT
2026-07-03T22:06:39.413584+00:00,4867.804,60,1433.7625,-0.12327,20608,53520,165,164.9,313,1,0,26.5,0.0,0.0,1,0,4,4,168,3838528,OK,SEG_ROLLOVER
2026-07-03T22:07:43.706259+00:00,4932.097,60,1434.7040,-0.05768,20658,74178,229,228.8,354,3,2,26.5,0.0,0.0,1,0,5,5,233,3833652,OK,HIST_DROP_DELTA=2
2026-07-03T22:08:47.968968+00:00,4996.360,60,1435.3380,-0.01352,20545,94723,293,292.7,305,3,0,26.5,0.0,0.0,1,0,6,6,297,3833652,OK,
2026-07-03T22:09:52.264627+00:00,5060.655,60,1433.5637,-0.13712,20542,115265,357,356.7,299,3,0,26.5,0.0,0.0,1,0,7,7,361,3833652,OK,
2026-07-03T22:10:56.416013+00:00,5124.807,60,1433.8972,-0.11389,20883,136148,422,421.6,340,3,0,26.5,0.0,0.0,1,0,9,9,425,3833652,OK,
2026-07-03T22:12:00.729684+00:00,5189.120,60,1433.1414,-0.16654,20376,156524,486,485.6,318,3,0,26.5,0.0,0.0,1,0,10,10,490,3833652,OK,
2026-07-03T22:13:04.981756+00:00,5253.372,60,1435.2921,-0.01672,20534,177058,550,549.5,327,3,0,26.5,0.0,0.0,1,0,11,11,554,3833652,OK,
2026-07-03T22:14:09.391167+00:00,5317.782,60,1433.3677,-0.15077,20962,198020,615,614.4,319,4,1,26.5,0.0,0.0,1,0,12,12,618,3833652,OK,HIST_DROP_DELTA=1
2026-07-03T22:15:13.846406+00:00,5382.237,60,1435.9254,0.02740,20637,218657,679,678.4,306,4,0,26.5,0.0,0.0,1,0,13,13,683,3833668,OK,
2026-07-03T22:16:18.261674+00:00,5446.652,60,1435.7049,0.01204,20617,239274,743,742.3,342,5,1,26.5,0.0,0.0,1,0,14,14,747,3833652,OK,HIST_DROP_DELTA=1
2026-07-03T22:17:22.512147+00:00,5510.903,60,1435.4422,-0.00626,21049,260323,808,807.3,331,5,0,26.5,0.0,0.0,2,0,15,15,811,3838504,OK,SEG_ROLLOVER
2026-07-03T22:18:26.783639+00:00,5575.174,60,1435.5363,0.00029,20435,280758,872,871.2,362,5,0,26.5,0.0,0.0,2,0,16,16,876,3833640,OK,
2026-07-03T22:19:30.990491+00:00,5639.381,60,1434.6794,-0.05940,20709,301467,936,935.2,337,5,0,26.5,0.0,0.0,2,0,17,17,940,3833668,OK,
2026-07-03T22:20:35.195945+00:00,5703.587,60,1435.5876,0.00386,20405,321872,1000,999.1,329,6,1,26.5,0.0,0.0,2,0,18,18,1004,3833668,OK,HIST_DROP_DELTA=1
2026-07-03T22:21:39.384819+00:00,5767.776,60,1433.9098,-0.11301,21139,343011,1065,1064.0,332,6,0,26.5,0.0,0.0,2,0,19,19,1068,3833668,OK,
2026-07-03T22:22:43.634381+00:00,5832.025,60,1437.9731,0.17004,20797,363808,1129,1128.0,336,7,1,26.5,0.0,0.0,2,0,20,20,1132,3833668,OK,HIST_DROP_DELTA=1
2026-07-03T22:23:47.932160+00:00,5896.323,60,1435.9656,0.03020,20789,384597,1193,1191.9,323,8,1,26.5,0.0,0.0,2,0,21,21,1197,3833668,OK,HIST_DROP_DELTA=1
2026-07-03T22:24:52.401878+00:00,5960.792,60,1434.9354,-0.04156,20754,405351,1257,1255.9,312,9,1,26.5,0.0,0.0,2,0,22,22,1261,3833672,OK,HIST_DROP_DELTA=1
2026-07-03T22:25:56.728352+00:00,6025.119,60,1438.3093,0.19346,21040,426391,1322,1320.8,319,11,2,26.5,0.0,0.0,2,0,24,24,1325,3833672,OK,HIST_DROP_DELTA=2
2026-07-03T22:27:01.077846+00:00,6089.468,60,1433.9536,-0.10996,20484,446875,1386,1384.8,330,12,1,26.5,0.0,0.0,2,0,25,25,1390,3833672,OK,HIST_DROP_DELTA=1
2026-07-03T22:28:05.489257+00:00,6153.880,60,1433.6964,-0.12787,21135,468010,1451,1449.7,353,13,1,26.5,0.0,0.0,3,0,26,26,1454,3838528,OK,SEG_ROLLOVER;HIST_DROP_DELTA=1
2026-07-03T22:29:09.994850+00:00,6218.385,60,1438.9195,0.23597,20341,488351,1515,1513.6,285,15,2,26.5,0.0,0.0,3,0,27,27,1519,3833656,OK,HIST_DROP_DELTA=2
2026-07-03T22:30:14.395624+00:00,6282.786,60,1435.6764,0.01005,20999,509350,1580,1578.6,352,18,3,26.5,0.0,0.0,3,0,28,28,1583,3833656,OK,HIST_DROP_DELTA=3
2026-07-03T22:31:18.677570+00:00,6347.068,60,1435.0307,-0.03493,20659,530009,1644,1642.5,289,19,1,26.5,0.0,0.0,3,0,29,29,1648,3833652,OK,HIST_DROP_DELTA=1
2026-07-03T22:32:22.999303+00:00,6411.390,60,1433.6781,-0.12915,20529,550538,1708,1706.5,298,20,1,26.5,0.0,0.0,3,0,30,30,1712,3833656,OK,HIST_DROP_DELTA=1
2026-07-03T22:33:27.279491+00:00,6475.670,60,1432.1389,-0.23637,20550,571088,1772,1770.4,305,22,2,26.5,0.0,0.0,3,0,31,31,1776,3833656,OK,HIST_DROP_DELTA=2
2026-07-03T22:34:31.588839+00:00,6539.980,60,1434.8131,-0.05009,21217,592305,1837,1835.3,316,24,2,26.0,0.0,0.0,3,0,32,32,1840,3833656,OK,HIST_DROP_DELTA=2;DEVLOG=1
2026-07-03T22:35:35.943772+00:00,6604.334,60,1433.0279,-0.17444,20375,612680,1900,1898.3,350,26,2,26.0,0.0,0.0,3,0,33,33,1905,3833640,OK,HIST_DROP_DELTA=2
2026-07-03T22:36:40.180290+00:00,6668.571,60,1435.5491,0.00118,21095,633775,1965,1963.2,311,26,0,26.0,0.0,0.0,3,0,34,34,1969,3833640,OK,
2026-07-03T22:37:44.489272+00:00,6732.880,60,1433.9101,-0.11299,21104,654879,2030,2028.2,355,28,2,26.0,0.0,0.0,3,0,35,35,2033,3833640,OK,HIST_DROP_DELTA=2
2026-07-03T22:38:48.698082+00:00,6797.089,60,1435.1487,-0.02671,20710,675589,2094,2092.1,314,29,1,26.0,0.0,0.0,3,0,36,36,2098,3833640,OK,HIST_DROP_DELTA=1
2026-07-03T22:39:53.049801+00:00,6861.440,60,1431.8463,-0.25676,20578,696167,2158,2156.1,319,30,1,26.0,0.0,0.0,4,0,37,37,2162,3838536,OK,SEG_ROLLOVER;HIST_DROP_DELTA=1
2026-07-03T22:40:57.520940+00:00,6925.912,60,1432.6508,-0.20072,20785,716952,2223,2221.0,345,32,2,26.0,0.0,0.0,4,0,39,39,2226,3833672,OK,HIST_DROP_DELTA=2
2026-07-03T22:42:02.072190+00:00,6990.463,60,1430.8068,-0.32917,20673,737625,2287,2284.9,324,33,1,26.0,0.0,0.0,4,0,40,40,2291,3833668,OK,HIST_DROP_DELTA=1
2026-07-03T22:43:06.558218+00:00,7054.949,60,1436.1930,0.04604,20927,758552,2352,2349.9,321,35,2,26.0,0.0,0.0,4,0,41,41,2355,3833668,OK,HIST_DROP_DELTA=2
2026-07-03T22:44:10.838437+00:00,7119.229,60,1434.7226,-0.05639,20356,778908,2416,2413.8,312,37,2,26.0,0.0,0.0,4,0,42,42,2420,3833656,OK,HIST_DROP_DELTA=2
2026-07-03T22:45:15.196732+00:00,7183.587,60,1432.4913,-0.21182,20496,799404,2480,2477.8,312,40,3,26.0,0.0,0.0,4,0,43,43,2484,3833656,OK,HIST_DROP_DELTA=3
2026-07-03T22:46:19.659950+00:00,7248.051,60,1433.3813,-0.14983,21070,820474,2545,2542.7,315,42,2,26.0,0.0,0.0,4,0,44,44,2549,3833656,OK,HIST_DROP_DELTA=2
2026-07-03T22:47:24.014652+00:00,7312.405,60,1435.6139,0.00570,20400,840874,2609,2606.7,289,43,1,26.0,0.0,0.0,4,0,45,45,2613,3833656,OK,HIST_DROP_DELTA=1
2026-07-03T22:48:28.392949+00:00,7376.784,60,1435.4173,-0.00800,21075,861949,2674,2671.6,330,45,2,26.0,0.0,0.0,4,0,46,46,2677,3833664,OK,HIST_DROP_DELTA=2
2026-07-03T22:49:32.575941+00:00,7440.967,60,1435.7756,0.01696,20838,882787,2738,2735.5,320,47,2,26.0,0.0,0.0,4,0,47,47,2741,3833640,OK,HIST_DROP_DELTA=2
2026-07-03T22:50:36.935519+00:00,7505.326,60,1433.9980,-0.10686,20687,903474,2802,2799.5,320,49,2,26.0,0.0,0.0,5,0,48,48,2806,3838504,OK,SEG_ROLLOVER;HIST_DROP_DELTA=2
2026-07-03T22:51:41.398373+00:00,7569.789,60,1433.1831,-0.16363,20535,924009,2866,2863.4,349,53,4,26.0,0.0,0.0,5,0,49,49,2870,3833656,OK,HIST_DROP_DELTA=4
2026-07-03T22:52:45.808410+00:00,7634.199,60,1434.8713,-0.04603,20975,944984,2931,2928.4,310,55,2,26.0,0.0,0.0,5,0,50,50,2935,3833656,OK,HIST_DROP_DELTA=2
2026-07-03T22:53:50.116735+00:00,7698.507,60,1434.5677,-0.06718,20705,965689,2995,2992.3,330,56,1,26.0,0.0,0.0,5,0,51,51,2999,3833656,OK,HIST_DROP_DELTA=1
2026-07-03T22:54:54.466498+00:00,7762.857,60,1436.8707,0.09325,21032,986721,3060,3057.2,333,58,2,26.0,0.0,0.0,5,0,52,52,3063,3833656,OK,HIST_DROP_DELTA=2
2026-07-03T22:55:58.842676+00:00,7827.234,60,1434.4390,-0.07614,20529,1007250,3124,3121.2,317,59,1,26.0,0.0,0.0,5,0,54,54,3128,3833656,OK,HIST_DROP_DELTA=1
2026-07-03T22:57:03.256506+00:00,7891.647,60,1436.6037,0.07465,20677,1027927,3188,3185.1,305,61,2,26.0,0.0,0.0,5,0,55,55,3192,3833656,OK,HIST_DROP_DELTA=2
2026-07-03T22:58:07.795516+00:00,7956.186,60,1437.2606,0.12041,20904,1048831,3253,3250.1,305,63,2,26.0,0.0,0.0,5,0,56,56,3257,3833656,OK,HIST_DROP_DELTA=2
2026-07-03T22:59:12.171619+00:00,8020.562,60,1439.2518,0.25911,20639,1069470,3317,3314.0,297,64,1,26.0,0.0,0.0,5,0,57,57,3321,3833644,OK,HIST_DROP_DELTA=1
2026-07-03T23:00:16.468596+00:00,8084.859,60,1436.1807,0.04518,20596,1090066,3382,3379.0,311,67,3,26.0,0.0,0.0,5,0,58,58,3385,3833656,OK,HIST_DROP_DELTA=3
2026-07-03T23:01:20.883848+00:00,8149.274,60,1435.2927,-0.01668,20825,1110891,3446,3442.9,318,68,1,26.0,0.0,0.0,6,0,59,59,3450,3838504,OK,SEG_ROLLOVER;HIST_DROP_DELTA=1
2026-07-03T23:02:25.094598+00:00,8213.485,60,1435.0148,-0.03604,20480,1131371,3510,3506.8,321,70,2,26.0,0.0,0.0,6,0,60,60,3514,3833640,OK,HIST_DROP_DELTA=2;SNTP_LIKELY
2026-07-03T23:03:29.382262+00:00,8277.773,60,1434.2089,-0.09217,21137,1152508,3575,3571.8,315,72,2,26.0,0.0,0.0,6,0,61,61,3578,3833640,OK,HIST_DROP_DELTA=2;SNTP_LIKELY
2026-07-03T23:04:33.638242+00:00,8342.029,60,1434.0308,-0.10458,20819,1173327,3639,3635.7,314,74,2,26.0,0.0,0.0,6,0,62,62,3643,3833640,OK,HIST_DROP_DELTA=2;SNTP_LIKELY
2026-07-03T23:05:37.900077+00:00,8406.291,60,1436.2918,0.05292,20683,1194010,3703,3699.7,357,77,3,26.5,0.0,0.0,6,0,63,63,3707,3833640,OK,HIST_DROP_DELTA=3;DEVLOG=1;SNTP_LIKELY
2026-07-03T23:06:42.199302+00:00,8470.590,60,1435.0670,-0.03240,20719,1214729,3768,3764.6,325,79,2,26.5,0.0,0.0,6,0,64,64,3771,3833616,OK,HIST_DROP_DELTA=2
2026-07-03T23:07:46.451160+00:00,8534.842,60,1434.7176,-0.05674,20477,1235206,3832,3828.6,302,82,3,26.5,0.0,0.0,6,0,65,65,3835,3833640,OK,HIST_DROP_DELTA=3
2026-07-03T23:08:50.712244+00:00,8599.103,60,1436.5703,0.07232,20718,1255924,3896,3892.5,307,83,1,26.5,0.0,0.0,6,0,66,66,3900,3833656,OK,HIST_DROP_DELTA=1
2026-07-03T23:09:55.028271+00:00,8663.419,60,1434.3076,-0.08530,20589,1276513,3960,3956.4,293,84,1,26.5,0.0,0.0,6,0,68,68,3964,3833640,OK,HIST_DROP_DELTA=1
2026-07-03T23:10:59.529269+00:00,8727.920,60,1433.7792,-0.12211,20854,1297367,4025,4021.4,331,86,2,26.5,0.0,0.0,6,0,69,69,4028,3833640,OK,HIST_DROP_DELTA=2
2026-07-03T23:12:03.831831+00:00,8792.222,60,1431.4197,-0.28647,20529,1317896,4089,4085.3,296,87,1,26.5,0.0,0.0,7,0,70,70,4093,3838504,OK,SEG_ROLLOVER;HIST_DROP_DELTA=1
2026-07-03T23:13:08.242781+00:00,8856.633,60,1435.6390,0.00745,20713,1338609,4153,4149.3,294,90,3,26.5,0.0,0.0,7,0,71,71,4157,3833640,OK,HIST_DROP_DELTA=3
2026-07-03T23:14:12.587648+00:00,8920.978,60,1436.7153,0.08242,20992,1359601,4218,4214.2,332,93,3,26.5,0.0,0.0,7,0,72,72,4221,3833676,OK,HIST_DROP_DELTA=3
2026-07-03T23:15:17.006774+00:00,8985.397,60,1436.9078,0.09583,20704,1380305,4282,4278.1,331,95,2,26.5,0.0,0.0,7,0,73,73,4286,3833672,OK,HIST_DROP_DELTA=2
2026-07-03T23:16:21.416240+00:00,9049.807,60,1437.0589,0.10636,21197,1401502,4347,4343.1,333,98,3,26.5,0.0,0.0,7,0,74,74,4350,3833672,OK,HIST_DROP_DELTA=3
2026-07-03T23:17:25.926564+00:00,9114.317,60,1434.9242,-0.04234,20559,1422061,4411,4407.0,337,100,2,26.5,0.0,0.0,7,0,75,75,4415,3833656,OK,HIST_DROP_DELTA=2
2026-07-03T23:18:30.233044+00:00,9178.624,60,1437.0950,0.10887,20908,1442969,4476,4472.0,328,102,2,26.5,0.0,0.0,7,0,76,76,4479,3833656,OK,HIST_DROP_DELTA=2
2026-07-03T23:19:34.628945+00:00,9243.020,60,1438.3428,0.19580,20797,1463766,4540,4535.9,299,104,2,26.5,0.0,0.0,7,0,77,77,4543,3832884,OK,HIST_DROP_DELTA=2
2026-07-03T23:20:39.122291+00:00,9307.513,60,1436.7350,0.08380,20619,1484385,4604,4599.9,345,106,2,26.5,0.0,0.0,7,0,78,78,4608,3833664,OK,HIST_DROP_DELTA=2
2026-07-03T23:21:43.514370+00:00,9371.905,60,1437.2839,0.12203,20885,1505270,4669,4664.8,321,108,2,26.5,0.0,0.0,7,0,79,79,4672,3833656,OK,HIST_DROP_DELTA=2
2026-07-03T23:22:47.720901+00:00,9436.112,60,1435.1983,-0.02325,20574,1525844,4733,4728.7,333,109,1,26.5,0.0,0.0,7,0,80,80,4737,3833672,OK,HIST_DROP_DELTA=1
2026-07-03T23:23:52.013533+00:00,9500.404,60,1434.9565,-0.04009,20651,1546495,4797,4792.7,303,110,1,26.5,0.0,0.0,8,0,81,81,4801,3838536,OK,SEG_ROLLOVER;HIST_DROP_DELTA=1
2026-07-03T23:24:56.276511+00:00,9564.667,60,1435.4767,-0.00386,20556,1567051,4861,4856.6,307,113,3,26.5,0.0,0.0,8,0,83,83,4865,3833640,OK,HIST_DROP_DELTA=3
2026-07-03T23:26:00.637419+00:00,9629.028,60,1435.5557,0.00165,21051,1588102,4926,4921.6,323,115,2,26.5,0.0,0.0,8,0,84,84,4930,3833640,OK,HIST_DROP_DELTA=2
2026-07-03T23:27:04.840619+00:00,9693.231,60,1436.2907,0.05285,20498,1608600,4990,4985.5,298,116,1,26.5,0.0,0.0,8,0,85,85,4994,3833640,OK,HIST_DROP_DELTA=1
2026-07-03T23:28:09.145056+00:00,9757.536,60,1436.0667,0.03724,20790,1629390,5054,5049.5,330,118,2,26.5,0.0,0.0,8,0,86,86,5058,3833640,OK,HIST_DROP_DELTA=2
2026-07-03T23:29:13.450648+00:00,9821.841,60,1436.7094,0.08201,21142,1650532,5119,5114.4,322,120,2,26.5,0.0,0.0,8,0,87,87,5122,3833640,OK,HIST_DROP_DELTA=2
2026-07-03T23:30:17.911544+00:00,9886.302,60,1434.2323,-0.09054,20656,1671188,5183,5178.3,332,121,1,26.5,0.0,0.0,8,0,88,88,5187,3794980,OK,HIST_DROP_DELTA=1
2026-07-03T23:31:22.323612+00:00,9950.714,60,1435.0096,-0.03640,20849,1692037,5248,5243.3,292,123,2,26.5,0.0,0.0,8,0,89,89,5251,3833640,OK,HIST_DROP_DELTA=2
2026-07-03T23:32:26.881514+00:00,10015.272,60,1437.1099,0.10991,20598,1712635,5312,5307.2,298,125,2,26.5,0.0,0.0,8,0,90,90,5316,3833656,OK,HIST_DROP_DELTA=2
2026-07-03T23:33:31.084745+00:00,10079.475,60,1434.6840,-0.05908,20613,1733248,5376,5371.2,315,127,2,26.5,0.0,0.0,8,0,91,91,5380,3833640,OK,HIST_DROP_DELTA=2
2026-07-03T23:34:35.413715+00:00,10143.804,60,1435.1254,-0.02833,20672,1753920,5440,5435.1,300,130,3,26.5,0.0,0.0,9,0,92,92,5444,3838504,OK,SEG_ROLLOVER;HIST_DROP_DELTA=3
2026-07-03T23:35:39.603125+00:00,10207.994,60,1433.0714,-0.17141,21047,1774967,5505,5500.0,379,132,2,27.0,0.0,0.0,9,0,93,93,5508,3833640,OK,HIST_DROP_DELTA=2;DEVLOG=1
2026-07-03T23:36:43.959161+00:00,10272.350,60,1438.1442,0.18196,20645,1795612,5569,5564.0,353,133,1,27.0,0.0,0.0,9,0,94,94,5573,3833656,OK,HIST_DROP_DELTA=1
2026-07-03T23:37:48.261328+00:00,10336.652,60,1437.8346,0.16039,21003,1816615,5634,5628.9,343,135,2,27.0,0.0,0.0,9,0,95,95,5637,3833640,OK,HIST_DROP_DELTA=2
2026-07-03T23:38:52.730688+00:00,10401.121,60,1434.7518,-0.05436,20396,1837011,5698,5692.9,324,137,2,27.0,0.0,0.0,9,0,96,96,5702,3833680,OK,HIST_DROP_DELTA=2
2026-07-03T23:39:56.932933+00:00,10465.324,60,1438.2884,0.19201,20737,1857748,5762,5756.8,347,138,1,27.0,0.0,0.0,9,0,98,98,5766,3833672,OK,HIST_DROP_DELTA=1
2026-07-03T23:41:01.442149+00:00,10529.833,60,1438.8003,0.22766,21047,1878795,5827,5821.8,333,140,2,27.0,0.0,0.0,9,0,99,99,5830,3833672,OK,HIST_DROP_DELTA=2
2026-07-03T23:42:05.746889+00:00,10594.137,60,1434.5936,-0.06538,20816,1899611,5891,5885.7,294,141,1,27.0,0.0,0.0,9,0,100,100,5895,3833672,OK,HIST_DROP_DELTA=1
2026-07-03T23:43:09.948267+00:00,10658.339,60,1433.0110,-0.17562,20731,1920342,5955,5949.6,326,143,2,27.0,0.0,0.0,9,0,101,101,5959,3833676,OK,HIST_DROP_DELTA=2
2026-07-03T23:44:14.374601+00:00,10722.765,60,1433.5392,-0.13883,21079,1941421,6020,6014.6,329,145,2,27.0,0.0,0.0,9,0,102,102,6023,3833672,OK,HIST_DROP_DELTA=2
2026-07-03T23:45:18.692080+00:00,10787.083,60,1434.6468,-0.06167,20312,1961733,6084,6078.5,320,147,2,27.0,0.0,0.0,10,0,103,103,6087,3838536,OK,SEG_ROLLOVER;HIST_DROP_DELTA=2
2026-07-03T23:46:22.873736+00:00,10851.264,60,1433.0280,-0.17443,20818,1982551,6148,6142.5,343,150,3,27.0,0.0,0.0,10,0,104,104,6152,3833676,OK,HIST_DROP_DELTA=3
2026-07-03T23:47:27.181478+00:00,10915.572,60,1436.2101,0.04723,20824,2003375,6213,6207.4,319,152,2,27.0,0.0,0.0,10,0,105,105,6216,3833672,OK,HIST_DROP_DELTA=2
2026-07-03T23:48:31.639167+00:00,10980.030,60,1435.5156,-0.00115,20584,2023959,6277,6271.4,304,155,3,27.0,0.0,0.0,10,0,106,106,6280,3833656,OK,HIST_DROP_DELTA=3
2026-07-03T23:49:36.145841+00:00,11044.536,60,1432.1450,-0.23595,20512,2044471,6340,6334.3,336,157,2,27.0,0.0,0.0,10,0,107,107,6345,3833640,OK,HIST_DROP_DELTA=2
2026-07-03T23:50:40.350364+00:00,11108.741,60,1434.3016,-0.08572,21203,2065674,6406,6400.2,358,159,2,27.0,0.0,0.0,10,0,108,108,6409,3833640,OK,HIST_DROP_DELTA=2
2026-07-03T23:51:44.655116+00:00,11173.046,60,1429.6362,-0.41071,20754,2086428,6470,6464.2,319,160,1,27.0,0.0,0.0,10,0,109,109,6474,3833640,OK,HIST_DROP_DELTA=1
2026-07-03T23:52:49.063756+00:00,11237.454,60,1433.3394,-0.15274,20689,2107117,6534,6528.1,306,161,1,27.0,0.0,0.0,10,0,110,110,6538,3833640,OK,HIST_DROP_DELTA=1
2026-07-03T23:53:53.268685+00:00,11301.659,60,1433.8467,-0.11740,20936,2128053,6599,6593.1,309,163,2,27.0,0.0,0.0,10,0,111,111,6602,3833672,OK,HIST_DROP_DELTA=2
2026-07-03T23:54:57.633708+00:00,11366.024,60,1434.8605,-0.04678,20568,2148621,6663,6657.0,357,165,2,27.0,0.0,0.0,10,0,113,113,6667,3833676,OK,HIST_DROP_DELTA=2
2026-07-03T23:56:01.837351+00:00,11430.228,60,1432.8560,-0.18642,20591,2169212,6727,6720.9,345,166,1,27.0,0.0,0.0,11,0,114,114,6731,3838536,OK,SEG_ROLLOVER;HIST_DROP_DELTA=1
2026-07-03T23:57:06.069561+00:00,11494.460,60,1435.2429,-0.02015,20560,2189772,6791,6784.9,315,168,2,27.0,0.0,0.0,11,0,115,115,6795,3833672,OK,HIST_DROP_DELTA=2
2026-07-03T23:58:10.448260+00:00,11558.839,60,1437.5570,0.14105,21256,2211028,6856,6849.8,333,170,2,27.0,0.0,0.0,11,0,116,116,6859,3833672,OK,HIST_DROP_DELTA=2
2026-07-03T23:59:15.005748+00:00,11623.396,60,1435.4119,-0.00837,20639,2231667,6920,6913.8,294,171,1,27.0,0.0,0.0,11,0,117,117,6924,3833672,OK,HIST_DROP_DELTA=1
2026-07-04T00:00:19.481467+00:00,11687.872,60,1432.4013,-0.21810,20844,2252511,6985,6978.7,331,173,2,27.0,0.0,0.0,11,0,118,118,6988,3833672,OK,HIST_DROP_DELTA=2
2026-07-04T00:01:23.823657+00:00,11752.214,60,1437.0036,0.10250,20810,2273321,7049,7042.7,369,175,2,27.0,0.0,0.0,11,0,119,119,7053,3833672,OK,HIST_DROP_DELTA=2
2026-07-04T00:02:28.078891+00:00,11816.469,60,1438.2156,0.18693,21093,2294414,7114,7107.6,312,177,2,27.0,0.0,0.0,11,0,120,120,7117,3833672,OK,HIST_DROP_DELTA=2;SNTP_LIKELY
2026-07-04T00:03:32.289294+00:00,11880.680,60,1437.0750,0.10748,20834,2315248,7178,7171.5,336,179,2,27.0,0.0,0.0,11,0,121,121,7181,3833656,OK,HIST_DROP_DELTA=2;SNTP_LIKELY
2026-07-04T00:04:36.508350+00:00,11944.899,60,1433.7538,-0.12388,20613,2335861,7242,7235.5,339,181,2,27.0,0.0,0.0,11,0,122,122,7245,3833640,OK,HIST_DROP_DELTA=2;SNTP_LIKELY
2026-07-04T00:05:40.802593+00:00,12009.193,60,1433.5868,-0.13551,20671,2356532,7306,7299.4,338,182,1,27.0,0.0,0.0,11,0,123,123,7310,3833640,OK,HIST_DROP_DELTA=1;SNTP_LIKELY
2026-07-04T00:06:45.311288+00:00,12073.702,60,1436.3996,0.06043,20463,2376995,7370,7363.4,326,184,2,27.0,0.0,0.0,11,0,124,124,7374,3833616,OK,HIST_DROP_DELTA=2;DEVLOG=1
2026-07-04T00:07:49.610670+00:00,12138.001,60,1435.0978,-0.03025,21109,2398104,7435,7428.3,316,187,3,27.0,0.0,0.0,12,0,125,125,7439,3838504,OK,SEG_ROLLOVER;HIST_DROP_DELTA=3
2026-07-04T00:08:54.019393+00:00,12202.410,60,1436.5762,0.07273,20678,2418782,7499,7492.3,326,190,3,27.0,0.0,0.0,12,0,126,126,7503,3833672,OK,HIST_DROP_DELTA=3
2026-07-04T00:09:58.743222+00:00,12267.134,60,1437.5595,0.14123,20957,2439739,7564,7557.2,315,192,2,27.0,0.0,0.0,12,0,128,128,7567,3795016,OK,HIST_DROP_DELTA=2
2026-07-04T00:11:03.049576+00:00,12331.440,60,1435.8567,0.02261,20559,2460298,7628,7621.1,319,195,3,27.0,0.0,0.0,12,0,129,129,7632,3833676,OK,HIST_DROP_DELTA=3
2026-07-04T00:12:07.297915+00:00,12395.689,60,1434.9731,-0.03894,20934,2481232,7693,7686.1,303,197,2,27.0,0.0,0.0,12,0,130,130,7696,3833672,OK,HIST_DROP_DELTA=2
2026-07-04T00:13:11.706439+00:00,12460.097,60,1436.7244,0.08306,20865,2502097,7757,7750.0,329,198,1,27.0,0.0,0.0,12,0,131,131,7761,3833672,OK,HIST_DROP_DELTA=1
2026-07-04T00:14:15.962754+00:00,12524.353,60,1439.9996,0.31121,20300,2522397,7821,7814.0,304,200,2,27.0,0.0,0.0,12,0,132,132,7825,3833676,OK,HIST_DROP_DELTA=2
2026-07-04T00:15:20.267836+00:00,12588.658,60,1435.0831,-0.03128,21005,2543402,7886,7878.9,315,202,2,27.0,0.0,0.0,12,0,133,133,7889,3833672,OK,HIST_DROP_DELTA=2
2026-07-04T00:16:24.728793+00:00,12653.119,60,1434.8150,-0.04995,20548,2563950,7950,7942.8,313,205,3,27.0,0.0,0.0,12,0,134,134,7954,3833672,OK,HIST_DROP_DELTA=3
2026-07-04T00:17:28.932380+00:00,12717.323,60,1431.2589,-0.29767,20664,2584614,8014,8006.8,345,206,1,27.0,0.0,0.0,12,0,135,135,8018,3833656,OK,HIST_DROP_DELTA=1
2026-07-04T00:18:33.290718+00:00,12781.681,60,1438.6729,0.21879,21281,2605895,8079,8071.7,332,208,2,27.0,0.0,0.0,13,0,136,136,8082,3838520,OK,SEG_ROLLOVER;HIST_DROP_DELTA=2
2026-07-04T00:19:37.605211+00:00,12845.996,60,1436.5536,0.07116,20526,2626421,8143,8135.7,330,211,3,27.0,0.0,0.0,13,0,137,137,8146,3833656,OK,HIST_DROP_DELTA=3
2026-07-04T00:20:41.901399+00:00,12910.292,60,1435.5153,-0.00117,20828,2647249,8207,8199.6,305,212,1,27.0,0.0,0.0,13,0,138,138,8211,3833656,OK,HIST_DROP_DELTA=1
2026-07-04T00:21:46.209988+00:00,12974.601,60,1434.7861,-0.05197,21193,2668442,8272,8264.6,341,214,2,27.0,0.0,0.0,13,0,139,139,8275,3833640,OK,HIST_DROP_DELTA=2
2026-07-04T00:22:50.415198+00:00,13038.806,60,1434.8500,-0.04752,20845,2689287,8336,8328.5,317,216,2,27.0,0.0,0.0,13,0,140,140,8339,3833640,OK,HIST_DROP_DELTA=2
2026-07-04T00:23:54.621658+00:00,13103.012,60,1432.7229,-0.19569,20668,2709955,8400,8392.4,339,217,1,27.0,0.0,0.0,13,0,141,141,8404,3833636,OK,HIST_DROP_DELTA=1
2026-07-04T00:24:58.819093+00:00,13167.210,60,1436.0102,0.03330,20658,2730613,8464,8456.4,370,219,2,27.0,0.0,0.0,13,0,143,143,8468,3833636,OK,HIST_DROP_DELTA=2
2026-07-04T00:26:03.134005+00:00,13231.525,60,1434.8607,-0.04677,20919,2751532,8529,8521.3,327,221,2,27.0,0.0,0.0,13,0,144,144,8532,3833636,OK,HIST_DROP_DELTA=2
2026-07-04T00:27:07.692284+00:00,13296.083,60,1436.5357,0.06991,20860,2772392,8593,8585.3,303,223,2,27.0,0.0,0.0,13,0,145,145,8596,3833636,OK,HIST_DROP_DELTA=2
2026-07-04T00:28:12.187020+00:00,13360.578,60,1436.1646,0.04406,20596,2792988,8657,8649.2,304,224,1,27.0,0.0,0.0,13,0,146,146,8661,3833636,OK,HIST_DROP_DELTA=1
2026-07-04T00:29:16.466847+00:00,13424.857,60,1437.8478,0.16131,21236,2814224,8722,8714.1,349,226,2,27.0,0.0,0.0,14,0,147,147,8725,3838500,OK,SEG_ROLLOVER;HIST_DROP_DELTA=2
2026-07-04T00:30:20.884570+00:00,13489.275,60,1435.6552,0.00858,20174,2834398,8785,8777.1,303,230,4,27.0,0.0,0.0,14,0,148,148,8790,3833636,OK,HIST_DROP_DELTA=4
2026-07-04T00:31:25.172677+00:00,13553.563,60,1438.4228,0.20137,21234,2855632,8851,8843.0,306,233,3,27.0,0.0,0.0,14,0,149,149,8854,3833648,OK,HIST_DROP_DELTA=3
2026-07-04T00:32:29.687719+00:00,13618.078,60,1436.1270,0.04144,20878,2876510,8915,8907.0,317,235,2,27.0,0.0,0.0,14,0,150,150,8918,3833636,OK,HIST_DROP_DELTA=2
2026-07-04T00:33:33.994038+00:00,13682.385,60,1435.5621,0.00209,20732,2897242,8979,8970.9,313,237,2,27.0,0.0,0.0,14,0,151,151,8983,3828176,OK,HIST_DROP_DELTA=2
2026-07-04T00:34:38.348366+00:00,13746.739,60,1439.1929,0.25501,21040,2918282,9044,9035.9,325,239,2,27.0,0.0,0.0,14,0,152,152,9047,3833640,OK,HIST_DROP_DELTA=2
2026-07-04T00:35:42.603958+00:00,13810.995,60,1434.9500,-0.04055,20853,2939135,9108,9099.8,329,241,2,27.0,0.0,0.0,14,0,153,153,9112,3833656,OK,HIST_DROP_DELTA=2
2026-07-04T00:36:46.809060+00:00,13875.200,60,1435.9598,0.02979,20504,2959639,9172,9163.7,287,244,3,27.5,0.0,0.0,14,0,154,154,9176,3833640,OK,HIST_DROP_DELTA=3;DEVLOG=1
2026-07-04T00:37:51.018049+00:00,13939.409,60,1437.6789,0.14954,21209,2980848,9237,9228.7,302,246,2,27.5,0.0,0.0,14,0,155,155,9240,3833640,OK,HIST_DROP_DELTA=2
2026-07-04T00:38:55.428564+00:00,14003.819,60,1434.9260,-0.04222,20756,3001604,9301,9292.6,327,248,2,27.5,0.0,0.0,14,0,156,156,9304,3833668,OK,HIST_DROP_DELTA=2
2026-07-04T00:39:59.674831+00:00,14068.065,60,1435.4048,-0.00887,20767,3022371,9365,9356.6,306,249,1,27.5,0.0,0.0,15,0,158,158,9369,3838540,OK,SEG_ROLLOVER;HIST_DROP_DELTA=1
2026-07-04T00:41:04.085828+00:00,14132.476,60,1435.4260,-0.00739,20415,3042786,9429,9420.5,334,253,4,27.5,0.0,0.0,15,0,159,159,9433,3833668,OK,HIST_DROP_DELTA=4
2026-07-04T00:42:08.343573+00:00,14196.734,60,1436.7707,0.08628,20926,3063712,9494,9485.5,320,255,2,27.5,0.0,0.0,15,0,160,160,9497,3833672,OK,HIST_DROP_DELTA=2
2026-07-04T00:43:12.651144+00:00,14261.042,60,1434.6076,-0.06440,20852,3084564,9558,9549.4,307,256,1,27.5,0.0,0.0,15,0,161,161,9561,3833672,OK,HIST_DROP_DELTA=1
2026-07-04T00:44:17.165481+00:00,14325.556,60,1437.5143,0.13808,20428,3104992,9622,9613.3,353,258,2,27.5,0.0,0.0,15,0,162,162,9626,3833672,OK,HIST_DROP_DELTA=2
2026-07-04T00:45:21.572053+00:00,14389.963,60,1435.3644,-0.01168,20782,3125774,9687,9678.3,290,260,2,27.5,0.0,0.0,15,0,163,163,9691,3833672,OK,HIST_DROP_DELTA=2
2026-07-04T00:46:25.993633+00:00,14454.384,60,1436.6941,0.08095,20756,3146530,9751,9742.2,322,262,2,27.5,0.0,0.0,15,0,164,164,9755,3833672,OK,HIST_DROP_DELTA=2
2026-07-04T00:47:30.333225+00:00,14518.724,60,1435.1396,-0.02734,20995,3167525,9816,9807.2,340,265,3,27.5,0.0,0.0,15,0,165,165,9819,3833676,OK,HIST_DROP_DELTA=3
2026-07-04T00:48:34.741993+00:00,14583.133,60,1436.0773,0.03798,20759,3188284,9880,9871.1,314,266,1,27.5,0.0,0.0,15,0,166,166,9884,3832872,OK,HIST_DROP_DELTA=1
2026-07-04T00:49:39.516007+00:00,14647.907,60,1439.0025,0.24175,20905,3209189,9945,9936.0,340,269,3,27.5,0.0,0.0,15,0,167,167,9948,3833640,OK,HIST_DROP_DELTA=3
2026-07-04T00:50:43.869789+00:00,14712.260,60,1435.1881,-0.02396,20694,3229883,10009,10000.0,338,270,1,27.5,0.0,0.0,15,0,168,168,10013,3833656,OK,HIST_DROP_DELTA=1
2026-07-04T00:51:48.275611+00:00,14776.666,60,1436.0228,0.03418,21097,3250980,10074,10064.9,354,272,2,27.5,0.0,0.0,16,0,169,169,10077,3838504,OK,SEG_ROLLOVER;HIST_DROP_DELTA=2
2026-07-04T00:52:52.938626+00:00,14841.329,60,1436.2707,0.05145,20616,3271596,10138,10128.9,319,275,3,27.5,0.0,0.0,16,0,170,170,10142,3833640,OK,HIST_DROP_DELTA=3
2026-07-04T00:53:57.354916+00:00,14905.745,60,1436.3759,0.05878,21092,3292688,10203,10193.8,328,279,4,27.5,0.0,0.0,16,0,172,171,10206,3833640,OK,HIST_DROP_DELTA=4
2026-07-04T00:55:01.604218+00:00,14969.995,60,1434.0374,-0.10412,20801,3313489,10267,10257.8,357,281,2,27.5,0.0,0.0,16,0,173,173,10271,3833640,OK,HIST_DROP_DELTA=2
2026-07-04T00:56:05.965609+00:00,15034.356,60,1435.6065,0.00518,20841,3334330,10331,10321.7,278,283,2,27.5,0.0,0.0,16,0,174,174,10335,3833640,OK,HIST_DROP_DELTA=2
2026-07-04T00:57:10.269012+00:00,15098.660,60,1434.3662,-0.08122,21096,3355426,10396,10386.6,331,285,2,27.5,0.0,0.0,16,0,175,175,10399,3833640,OK,HIST_DROP_DELTA=2
2026-07-04T00:58:14.507931+00:00,15162.899,60,1435.9292,0.02767,20929,3376355,10460,10450.6,380,286,1,27.5,0.0,0.0,16,0,176,176,10463,3833640,OK,HIST_DROP_DELTA=1
2026-07-04T00:59:18.783466+00:00,15227.174,60,1436.8015,0.08843,20941,3397296,10524,10514.5,326,287,1,27.5,0.0,0.0,16,0,177,177,10528,3833672,OK,HIST_DROP_DELTA=1
2026-07-04T01:00:23.034625+00:00,15291.425,60,1432.8456,-0.18714,21027,3418323,10589,10579.5,349,289,2,27.5,0.0,0.0,16,0,178,178,10592,3833672,OK,HIST_DROP_DELTA=2
2026-07-04T01:01:27.443139+00:00,15355.834,60,1432.3063,-0.22471,20781,3439104,10653,10643.4,321,291,2,27.5,0.0,0.0,16,0,179,179,10656,3833676,OK,HIST_DROP_DELTA=2
2026-07-04T01:02:31.851958+00:00,15420.243,60,1435.2313,-0.02095,20356,3459460,10717,10707.3,312,294,3,27.5,0.0,0.0,17,0,180,180,10721,3838540,OK,SEG_ROLLOVER;HIST_DROP_DELTA=3;SNTP_LIKELY
2026-07-04T01:03:36.261833+00:00,15484.652,60,1433.3756,-0.15022,21274,3480734,10782,10772.3,328,298,4,27.5,0.0,0.0,17,0,181,181,10785,3833652,OK,HIST_DROP_DELTA=4;SNTP_LIKELY
2026-07-04T01:04:40.723057+00:00,15549.114,60,1433.1491,-0.16600,20442,3501176,10846,10836.2,320,299,1,27.5,0.0,0.0,17,0,182,182,10850,3833652,OK,HIST_DROP_DELTA=1;SNTP_LIKELY
2026-07-04T01:05:45.181140+00:00,15613.572,60,1431.8466,-0.25673,20896,3522072,10911,10901.2,319,301,2,27.5,0.0,0.0,17,0,183,183,10914,3833672,OK,HIST_DROP_DELTA=2;SNTP_LIKELY
2026-07-04T01:06:49.597733+00:00,15677.988,60,1434.4609,-0.07462,20772,3542844,10975,10965.1,330,303,2,27.5,0.0,0.0,17,0,184,184,10978,3833644,OK,HIST_DROP_DELTA=2
2026-07-04T01:07:53.955209+00:00,15742.346,60,1431.3546,-0.29101,20656,3563500,11039,11029.1,324,304,1,28.0,0.0,0.0,17,0,185,185,11043,3833672,OK,HIST_DROP_DELTA=1;DEVLOG=1
2026-07-04T01:08:58.590366+00:00,15806.981,60,1433.0009,-0.17633,21047,3584547,11104,11094.0,317,307,3,28.0,0.0,0.0,17,0,187,187,11107,3833660,OK,HIST_DROP_DELTA=3
2026-07-04T01:10:03.021578+00:00,15871.412,60,1434.7635,-0.05354,20922,3605469,11168,11157.9,313,310,3,28.0,0.0,0.0,17,0,188,188,11172,3833676,OK,HIST_DROP_DELTA=3
2026-07-04T01:11:07.379183+00:00,15935.770,60,1433.5435,-0.13853,21091,3626560,11233,11222.9,332,312,2,28.0,0.0,0.0,17,0,189,189,11236,3833676,OK,HIST_DROP_DELTA=2
2026-07-04T01:12:11.839388+00:00,16000.230,60,1431.7242,-0.26526,20627,3647187,11297,11286.8,296,315,3,28.0,0.0,0.0,17,0,190,190,11301,3833660,OK,HIST_DROP_DELTA=3
2026-07-04T01:13:16.455198+00:00,16064.846,60,1432.2528,-0.22844,21149,3668336,11362,11351.8,343,318,3,28.0,0.0,0.0,18,0,191,191,11365,3838540,OK,SEG_ROLLOVER;HIST_DROP_DELTA=3
2026-07-04T01:14:20.861592+00:00,16129.252,60,1432.9927,-0.17690,20623,3688959,11426,11415.7,335,320,2,28.0,0.0,0.0,18,0,192,192,11430,3833676,OK,HIST_DROP_DELTA=2
2026-07-04T01:15:25.329522+00:00,16193.720,60,1434.3513,-0.08226,20830,3709789,11491,11480.6,337,323,3,28.0,0.0,0.0,18,0,193,193,11494,3833676,OK,HIST_DROP_DELTA=3
2026-07-04T01:16:29.680075+00:00,16258.071,60,1438.7859,0.22666,20778,3730567,11555,11544.6,369,324,1,28.0,0.0,0.0,18,0,194,194,11558,3833676,OK,HIST_DROP_DELTA=1
2026-07-04T01:17:34.190670+00:00,16322.581,60,1434.9558,-0.04015,20942,3751509,11620,11609.5,322,327,3,28.0,0.0,0.0,18,0,195,195,11623,3832860,OK,HIST_DROP_DELTA=3
2026-07-04T01:18:38.497840+00:00,16386.888,60,1437.5396,0.13984,20887,3772396,11684,11673.5,329,328,1,28.0,0.0,0.0,18,0,196,196,11687,3833672,OK,HIST_DROP_DELTA=1
2026-07-04T01:19:42.751019+00:00,16451.142,60,1435.6034,0.00497,20498,3792894,11748,11737.4,324,329,1,28.0,0.0,0.0,18,0,197,197,11752,3833688,OK,HIST_DROP_DELTA=1
2026-07-04T01:20:47.081199+00:00,16515.472,60,1434.4229,-0.07726,20973,3813867,11813,11802.4,303,331,2,28.0,0.0,0.0,18,0,198,198,11816,3833688,OK,HIST_DROP_DELTA=2
2026-07-04T01:21:51.416328+00:00,16579.807,60,1436.9324,0.09755,20478,3834345,11877,11866.3,322,333,2,28.0,0.0,0.0,18,0,199,199,11880,3833696,OK,HIST_DROP_DELTA=2
2026-07-04T01:22:55.878245+00:00,16644.269,60,1432.9614,-0.17908,20619,3854964,11941,11930.2,312,334,1,28.0,0.0,0.0,18,0,200,200,11945,3833676,OK,HIST_DROP_DELTA=1
2026-07-04T01:24:00.100424+00:00,16708.491,60,1431.9859,-0.24703,21088,3876052,12006,11995.2,334,336,2,28.0,0.0,0.0,19,0,202,202,12009,3838540,OK,SEG_ROLLOVER;HIST_DROP_DELTA=2
2026-07-04T01:25:04.540984+00:00,16772.932,60,1435.5421,0.00070,20699,3896751,12070,12059.1,331,339,3,28.0,0.0,0.0,19,0,203,203,12073,3833676,OK,HIST_DROP_DELTA=3
2026-07-04T01:26:09.052624+00:00,16837.443,60,1436.6306,0.07652,20740,3917491,12134,12123.1,332,341,2,28.0,0.0,0.0,19,0,204,204,12138,3833684,OK,HIST_DROP_DELTA=2
2026-07-04T01:27:13.414970+00:00,16901.806,60,1434.6237,-0.06328,21065,3938556,12199,12188.0,341,344,3,28.0,0.0,0.0,19,0,205,205,12202,3833688,OK,HIST_DROP_DELTA=3
2026-07-04T01:28:17.870963+00:00,16966.262,60,1432.4260,-0.21638,20617,3959173,12263,12252.0,319,345,1,28.0,0.0,0.0,19,0,206,206,12267,3833688,OK,HIST_DROP_DELTA=1
2026-07-04T01:29:22.335098+00:00,17030.726,60,1433.0345,-0.17398,20833,3980006,12328,12316.9,303,348,3,28.0,0.0,0.0,19,0,207,207,12331,3833676,OK,HIST_DROP_DELTA=3
2026-07-04T01:30:26.644328+00:00,17095.035,60,1434.1717,-0.09476,20597,4000603,12392,12380.8,306,350,2,28.0,0.0,0.0,19,0,208,208,12396,3833676,OK,HIST_DROP_DELTA=2
2026-07-04T01:31:30.950801+00:00,17159.341,60,1433.2570,-0.15848,21035,4021638,12457,12445.8,327,354,4,28.0,0.0,0.0,19,0,209,209,12460,3833672,OK,HIST_DROP_DELTA=4
2026-07-04T01:32:35.301178+00:00,17223.692,60,1432.3478,-0.22182,20448,4042086,12520,12508.7,316,359,5,28.0,0.0,0.0,19,0,210,210,12524,3833676,OK,HIST_DROP_DELTA=5
2026-07-04T01:33:39.764457+00:00,17288.155,60,1431.2222,-0.30023,21008,4063094,12585,12573.7,353,361,2,28.0,0.0,0.0,19,0,211,211,12589,3833676,OK,HIST_DROP_DELTA=2
2026-07-04T01:34:44.220844+00:00,17352.611,60,1433.3340,-0.15312,21238,4084332,12650,12638.6,305,364,3,28.0,0.0,0.0,19,0,212,212,12653,3833676,OK,HIST_DROP_DELTA=3
2026-07-04T01:35:48.590953+00:00,17416.982,60,1433.0520,-0.17276,20577,4104909,12714,12702.5,358,366,2,28.0,0.0,0.0,20,0,213,213,12717,3838540,OK,SEG_ROLLOVER;HIST_DROP_DELTA=2
2026-07-04T01:36:52.782651+00:00,17481.173,60,1433.4353,-0.14606,20441,4125350,12778,12766.5,289,369,3,28.0,0.0,0.0,20,0,214,214,12782,3833688,OK,HIST_DROP_DELTA=3
2026-07-04T01:37:57.105652+00:00,17545.497,60,1430.0656,-0.38080,21091,4146441,12843,12831.4,351,371,2,28.0,0.0,0.0,20,0,215,215,12846,3833676,OK,HIST_DROP_DELTA=2;DEVLOG=1
2026-07-04T01:39:01.503374+00:00,17609.894,60,1434.3803,-0.08024,20844,4167285,12907,12895.4,326,373,2,28.0,0.0,0.0,20,0,217,217,12910,3833676,OK,HIST_DROP_DELTA=2
2026-07-04T01:40:05.810017+00:00,17674.201,60,1433.1014,-0.16933,20621,4187906,12971,12959.3,315,376,3,28.0,0.0,0.0,20,0,218,218,12975,3833676,OK,HIST_DROP_DELTA=3
2026-07-04T01:41:10.469080+00:00,17738.860,60,1431.8974,-0.25319,21090,4208996,13036,13024.3,315,378,2,28.0,0.0,0.0,20,0,219,219,13039,3833676,OK,HIST_DROP_DELTA=2
2026-07-04T01:42:14.938528+00:00,17803.329,60,1433.3698,-0.15063,20786,4229782,13100,13088.2,353,380,2,28.0,0.0,0.0,20,0,220,220,13104,3833676,OK,HIST_DROP_DELTA=2
2026-07-04T01:43:19.356269+00:00,17867.747,60,1429.8838,-0.39346,20853,4250635,13165,13153.1,333,383,3,28.0,0.0,0.0,20,0,221,221,13168,3833676,OK,HIST_DROP_DELTA=3
2026-07-04T01:44:23.799666+00:00,17932.190,60,1433.9748,-0.10848,20473,4271108,13229,13217.1,353,385,2,28.0,0.0,0.0,20,0,222,222,13233,3833672,OK,HIST_DROP_DELTA=2
2026-07-04T01:45:28.411508+00:00,17996.802,60,1433.9013,-0.11360,21060,4292168,13294,13282.0,286,387,2,28.0,0.0,0.0,20,0,223,223,13297,3833672,OK,HIST_DROP_DELTA=2
2026-07-04T01:46:32.922629+00:00,18061.313,60,1428.3771,-0.49842,20633,4312801,13358,13346.0,301,389,2,28.0,0.0,0.0,21,0,224,224,13362,3838524,OK,SEG_ROLLOVER;HIST_DROP_DELTA=2
2026-07-04T01:47:37.495342+00:00,18125.886,60,1431.5436,-0.27784,21135,4333936,13423,13410.9,331,394,5,28.0,0.0,0.0,21,0,225,225,13426,3833672,OK,HIST_DROP_DELTA=5
2026-07-04T01:48:41.901579+00:00,18190.292,60,1430.7588,-0.33251,20893,4354829,13487,13474.8,327,398,4,28.0,0.0,0.0,21,0,226,226,13491,3833672,OK,HIST_DROP_DELTA=4
2026-07-04T01:49:46.354423+00:00,18254.745,60,1435.9683,0.03038,21108,4375937,13552,13539.8,333,401,3,28.0,0.0,0.0,21,0,227,227,13555,3833676,OK,HIST_DROP_DELTA=3
2026-07-04T01:50:50.725313+00:00,18319.116,60,1432.2525,-0.22846,20607,4396544,13616,13603.7,311,403,2,28.0,0.0,0.0,21,0,228,228,13620,3833688,OK,HIST_DROP_DELTA=2
2026-07-04T01:51:55.172260+00:00,18383.563,60,1431.1368,-0.30618,21115,4417659,13681,13668.7,318,406,3,28.0,0.0,0.0,21,0,229,229,13684,3833688,OK,HIST_DROP_DELTA=3
2026-07-04T01:52:59.683162+00:00,18448.074,60,1434.6297,-0.06286,20479,4438138,13744,13731.6,318,410,4,28.0,0.0,0.0,21,0,231,231,13749,3833676,OK,HIST_DROP_DELTA=4
2026-07-04T01:54:04.194543+00:00,18512.585,60,1429.2538,-0.43735,21513,4459651,13810,13797.6,329,413,3,28.0,0.0,0.0,21,0,232,232,13813,3833676,OK,HIST_DROP_DELTA=3
2026-07-04T01:55:08.705399+00:00,18577.096,60,1431.7696,-0.26210,20754,4480405,13874,13861.5,308,415,2,28.0,0.0,0.0,21,0,233,233,13878,3833676,OK,HIST_DROP_DELTA=2
2026-07-04T01:56:13.114470+00:00,18641.505,60,1432.0894,-0.23982,21456,4501861,13939,13926.4,340,418,3,28.0,0.0,0.0,21,0,234,234,13942,3833676,OK,HIST_DROP_DELTA=3
2026-07-04T01:57:17.525356+00:00,18705.916,60,1432.3839,-0.21930,20578,4522439,14003,13990.4,322,421,3,28.0,0.0,0.0,22,0,235,235,14006,3838540,OK,SEG_ROLLOVER;HIST_DROP_DELTA=3
2026-07-04T01:58:22.034577+00:00,18770.425,60,1433.2761,-0.15715,21145,4543584,14068,14055.3,324,425,4,28.0,0.0,0.0,22,0,236,236,14071,3833688,OK,HIST_DROP_DELTA=4
2026-07-04T01:59:26.496227+00:00,18834.887,60,1435.6177,0.00597,20526,4564110,14132,14119.3,369,427,2,28.0,0.0,0.0,22,0,237,237,14135,3833676,OK,HIST_DROP_DELTA=2
2026-07-04T02:00:30.807225+00:00,18899.198,60,1431.5020,-0.28074,20642,4584752,14196,14183.2,299,429,2,28.0,0.0,0.0,22,0,238,238,14200,3833676,OK,HIST_DROP_DELTA=2
2026-07-04T02:01:35.111429+00:00,18963.502,60,1432.7293,-0.19524,20478,4605230,14260,14247.2,306,432,3,28.0,0.0,0.0,22,0,239,239,14264,3833280,OK,HIST_DROP_DELTA=3
2026-07-04T02:02:39.569598+00:00,19027.961,60,1430.3887,-0.35830,20944,4626174,14325,14312.1,319,434,2,28.0,0.0,0.0,22,0,240,240,14328,3833676,OK,HIST_DROP_DELTA=2;SNTP_LIKELY
2026-07-04T02:03:44.028998+00:00,19092.420,60,1434.3373,-0.08323,20714,4646888,14390,14377.0,327,437,3,28.0,0.0,0.0,22,0,241,241,14393,3833676,OK,HIST_DROP_DELTA=3;SNTP_LIKELY
2026-07-04T02:04:48.490627+00:00,19156.881,60,1432.9227,-0.18177,20903,4667791,14454,14441.0,309,437,0,28.0,0.0,0.0,22,0,242,242,14457,3833676,OK,SNTP_LIKELY
2026-07-04T02:05:52.953827+00:00,19221.345,60,1431.4927,-0.28139,20684,4688475,14518,14504.9,318,440,3,28.0,0.0,0.0,22,0,243,243,14522,3833676,OK,HIST_DROP_DELTA=3
2026-07-04T02:06:57.612849+00:00,19286.003,60,1433.7016,-0.12751,21031,4709506,14583,14569.9,313,443,3,28.0,0.0,0.0,22,0,244,244,14586,3833660,OK,HIST_DROP_DELTA=3
2026-07-04T02:08:02.131324+00:00,19350.522,60,1432.2900,-0.22585,21138,4730644,14648,14634.8,347,446,3,28.0,0.0,0.0,23,0,246,246,14651,3838544,OK,SEG_ROLLOVER;HIST_DROP_DELTA=3;DEVLOG=1
2026-07-04T02:09:06.692121+00:00,19415.083,60,1436.7507,0.08489,20890,4751534,14712,14698.7,306,449,3,28.0,0.0,0.0,23,0,247,247,14716,3833672,OK,HIST_DROP_DELTA=3
2026-07-04T02:10:11.044231+00:00,19479.435,60,1430.6564,-0.33964,21110,4772644,14777,14763.7,319,451,2,28.0,0.0,0.0,23,0,248,248,14780,3833672,OK,HIST_DROP_DELTA=2
2026-07-04T02:11:15.917315+00:00,19544.308,60,1432.5954,-0.20457,20469,4793113,14841,14827.6,337,454,3,28.0,0.0,0.0,23,0,249,249,14845,3833676,OK,HIST_DROP_DELTA=3
2026-07-04T02:12:20.222212+00:00,19608.613,60,1431.8209,-0.25852,20996,4814109,14906,14892.6,338,457,3,28.0,0.0,0.0,23,0,250,250,14909,3833672,OK,HIST_DROP_DELTA=3
2026-07-04T02:13:24.651688+00:00,19673.042,60,1431.9519,-0.24940,20711,4834820,14970,14956.5,329,458,1,28.0,0.0,0.0,23,0,251,251,14973,3833672,OK,HIST_DROP_DELTA=1
2026-07-04T02:14:29.038557+00:00,19737.429,60,1432.5637,-0.20678,21113,4855933,15035,15021.5,312,461,3,28.0,0.0,0.0,23,0,252,252,15038,3833644,OK,HIST_DROP_DELTA=3
2026-07-04T02:15:33.459874+00:00,19801.850,60,1430.5034,-0.35030,20731,4876664,15099,15085.4,328,464,3,28.0,0.0,0.0,23,0,253,253,15102,3833660,OK,HIST_DROP_DELTA=3
2026-07-04T02:16:37.908347+00:00,19866.299,60,1430.8856,-0.32368,20606,4897270,15163,15149.3,311,467,3,28.0,0.0,0.0,23,0,254,254,15167,3833644,OK,HIST_DROP_DELTA=3
2026-07-04T02:17:42.374290+00:00,19930.765,60,1429.4111,-0.42639,21119,4918389,15228,15214.3,300,468,1,28.0,0.0,0.0,23,0,255,255,15231,3833660,OK,HIST_DROP_DELTA=1
2026-07-04T02:18:46.879355+00:00,19995.270,60,1430.0466,-0.38212,20839,4939228,15292,15278.2,339,470,2,28.0,0.0,0.0,23,0,256,256,15296,3833644,OK,HIST_DROP_DELTA=2
2026-07-04T02:19:51.338414+00:00,20059.729,60,1431.8131,-0.25906,20606,4959834,15357,15343.2,296,471,1,28.0,0.0,0.0,24,0,257,257,15360,3838544,OK,SEG_ROLLOVER;HIST_DROP_DELTA=1
2026-07-04T02:20:55.905379+00:00,20124.297,60,1431.5076,-0.28035,20689,4980523,15421,15407.1,314,473,2,28.0,0.0,0.0,24,0,258,258,15425,3833676,OK,HIST_DROP_DELTA=2
2026-07-04T02:22:00.318631+00:00,20188.709,60,1428.8469,-0.46570,20890,5001413,15486,15472.0,313,477,4,28.0,0.0,0.0,24,0,260,260,15489,3833676,OK,HIST_DROP_DELTA=4
2026-07-04T02:23:04.828400+00:00,20253.219,60,1432.7330,-0.19499,20655,5022068,15550,15536.0,293,477,0,28.0,0.0,0.0,24,0,261,261,15554,3833672,OK,
2026-07-04T02:24:09.237911+00:00,20317.629,60,1433.1834,-0.16361,21109,5043177,15615,15600.9,318,480,3,28.0,0.0,0.0,24,0,262,262,15618,3833656,OK,HIST_DROP_DELTA=3
2026-07-04T02:25:13.589749+00:00,20381.980,60,1431.5438,-0.27783,20770,5063947,15679,15664.9,324,482,2,28.0,0.0,0.0,24,0,263,263,15682,3833656,OK,HIST_DROP_DELTA=2
2026-07-04T02:26:17.944150+00:00,20446.335,60,1433.6506,-0.13106,21190,5085137,15744,15729.8,303,485,3,28.0,0.0,0.0,24,0,264,264,15747,3833688,OK,HIST_DROP_DELTA=3
2026-07-04T02:27:22.354489+00:00,20510.745,60,1434.5799,-0.06633,20704,5105841,15808,15793.8,298,487,2,28.0,0.0,0.0,24,0,265,265,15811,3833676,OK,HIST_DROP_DELTA=2
2026-07-04T02:28:26.784892+00:00,20575.176,60,1435.4895,-0.00297,20419,5126260,15872,15857.7,354,488,1,28.0,0.0,0.0,24,0,266,266,15876,3833676,OK,HIST_DROP_DELTA=1
2026-07-04T02:29:31.073594+00:00,20639.464,60,1435.3925,-0.00972,21099,5147359,15937,15922.6,335,491,3,28.0,0.0,0.0,24,0,267,267,15940,3833644,OK,HIST_DROP_DELTA=3
2026-07-04T02:30:35.594750+00:00,20703.985,60,1431.2447,-0.29866,20129,5167488,16000,15985.6,326,494,3,28.0,0.0,0.0,25,0,268,268,16004,3838108,OK,SEG_ROLLOVER;HIST_DROP_DELTA=3
2026-07-04T02:31:39.938279+00:00,20768.329,60,1433.5052,-0.14120,21146,5188634,16066,16051.5,307,497,3,28.0,0.0,0.0,25,0,269,269,16069,3833644,OK,HIST_DROP_DELTA=3
2026-07-04T02:32:44.416769+00:00,20832.807,60,1431.6024,-0.27374,20659,5209293,16130,16115.5,319,499,2,28.0,0.0,0.0,25,0,270,270,16133,3833644,OK,HIST_DROP_DELTA=2
2026-07-04T02:33:48.908975+00:00,20897.300,60,1432.7099,-0.19660,20659,5229952,16194,16179.4,342,503,4,28.0,0.0,0.0,25,0,271,271,16198,3833644,OK,HIST_DROP_DELTA=4
2026-07-04T02:34:53.472128+00:00,20961.863,60,1434.5780,-0.06646,20995,5250947,16259,16244.3,287,505,2,28.0,0.0,0.0,25,0,272,272,16262,3833676,OK,HIST_DROP_DELTA=2
2026-07-04T02:35:57.827879+00:00,21026.218,60,1433.5565,-0.13762,21180,5272127,16324,16309.3,309,507,2,28.0,0.0,0.0,25,0,274,273,16327,3833676,OK,HIST_DROP_DELTA=2
2026-07-04T02:37:02.290162+00:00,21090.681,60,1435.2605,-0.01892,20668,5292795,16388,16373.2,287,508,1,28.0,0.0,0.0,25,0,275,275,16391,3833676,OK,HIST_DROP_DELTA=1
2026-07-04T02:38:06.903511+00:00,21155.294,60,1436.5569,0.07138,20842,5313637,16452,16437.2,360,509,1,28.0,0.0,0.0,25,0,276,276,16456,3833676,OK,HIST_DROP_DELTA=1
2026-07-04T02:39:11.419416+00:00,21219.810,60,1435.0756,-0.03180,20892,5334529,16517,16502.1,306,512,3,27.5,0.0,0.0,25,0,277,277,16520,3833676,OK,HIST_DROP_DELTA=3;DEVLOG=1
2026-07-04T02:40:15.826856+00:00,21284.217,60,1436.1840,0.04541,20739,5355268,16581,16566.1,352,514,2,27.5,0.0,0.0,25,0,278,278,16585,3833676,OK,HIST_DROP_DELTA=2
2026-07-04T02:41:20.334957+00:00,21348.726,60,1433.6069,-0.13411,20790,5376058,16646,16631.0,338,517,3,27.5,0.0,0.0,26,0,279,279,16649,3838540,OK,SEG_ROLLOVER;HIST_DROP_DELTA=3
2026-07-04T02:42:24.803943+00:00,21413.195,60,1432.6095,-0.20359,20726,5396784,16710,16694.9,326,519,2,27.5,0.0,0.0,26,0,280,280,16714,3833656,OK,HIST_DROP_DELTA=2
2026-07-04T02:43:29.152935+00:00,21477.544,60,1434.6309,-0.06278,21009,5417793,16775,16759.9,334,522,3,27.5,0.0,0.0,26,0,281,281,16778,3833656,OK,HIST_DROP_DELTA=3
2026-07-04T02:44:33.604953+00:00,21541.996,60,1436.0779,0.03802,20609,5438402,16839,16823.8,340,524,2,27.5,0.0,0.0,26,0,282,282,16843,3833652,OK,HIST_DROP_DELTA=2
2026-07-04T02:45:38.177648+00:00,21606.568,60,1434.0119,-0.10590,21042,5459444,16904,16888.8,298,527,3,27.5,0.0,0.0,26,0,283,283,16907,3833644,OK,HIST_DROP_DELTA=3
2026-07-04T02:46:42.643267+00:00,21671.034,60,1436.6197,0.07576,20764,5480208,16968,16952.7,310,529,2,27.5,0.0,0.0,26,0,284,284,16972,3833644,OK,HIST_DROP_DELTA=2
2026-07-04T02:47:47.051534+00:00,21735.442,60,1433.0294,-0.17434,20758,5500966,17033,17017.7,345,532,3,27.5,0.0,0.0,26,0,285,285,17036,3833644,OK,HIST_DROP_DELTA=3
2026-07-04T02:48:51.457060+00:00,21799.848,60,1437.5417,0.13999,20757,5521723,17097,17081.6,345,535,3,27.5,0.0,0.0,26,0,286,286,17100,3833644,OK,HIST_DROP_DELTA=3
2026-07-04T02:49:55.810766+00:00,21864.201,60,1434.0507,-0.10319,20635,5542358,17161,17145.5,300,537,2,27.5,0.0,0.0,26,0,287,287,17165,3833676,OK,HIST_DROP_DELTA=2
2026-07-04T02:51:00.271482+00:00,21928.662,60,1433.4632,-0.14412,20935,5563293,17226,17210.5,297,541,4,27.5,0.0,0.0,26,0,289,289,17229,3833676,OK,HIST_DROP_DELTA=4
2026-07-04T02:52:04.695138+00:00,21993.086,60,1439.6513,0.28695,20861,5584154,17290,17274.4,319,543,2,27.5,0.0,0.0,27,0,290,290,17294,3838536,OK,SEG_ROLLOVER;HIST_DROP_DELTA=2
2026-07-04T02:53:08.991509+00:00,22057.382,60,1433.5257,-0.13976,21094,5605248,17355,17339.4,309,545,2,27.5,0.0,0.0,27,0,291,291,17358,3833676,OK,HIST_DROP_DELTA=2
2026-07-04T02:54:13.498661+00:00,22121.889,60,1435.0084,-0.03648,20330,5625578,17419,17403.3,297,546,1,27.5,0.0,0.0,27,0,292,292,17422,3833676,OK,HIST_DROP_DELTA=1
2026-07-04T02:55:17.808800+00:00,22186.199,60,1435.7270,0.01358,20807,5646385,17484,17468.2,350,548,2,27.5,0.0,0.0,27,0,293,293,17487,3833676,OK,HIST_DROP_DELTA=2
2026-07-04T02:56:22.333930+00:00,22250.725,60,1437.7767,0.15636,20616,5667001,17548,17532.2,312,551,3,27.5,0.0,0.0,27,0,294,294,17551,3833676,OK,HIST_DROP_DELTA=3
2026-07-04T02:57:26.673054+00:00,22315.064,60,1434.4648,-0.07435,20796,5687797,17612,17596.1,313,553,2,27.5,0.0,0.0,27,0,295,295,17616,3833672,OK,HIST_DROP_DELTA=2
2026-07-04T02:58:31.390760+00:00,22379.781,60,1434.7285,-0.05598,20861,5708658,17677,17661.1,307,556,3,27.5,0.0,0.0,27,0,296,296,17680,3833656,OK,HIST_DROP_DELTA=3
2026-07-04T02:59:35.770646+00:00,22444.161,60,1436.7221,0.08289,20593,5729251,17741,17725.0,298,557,1,27.5,0.0,0.0,27,0,297,297,17745,3833644,OK,HIST_DROP_DELTA=1
2026-07-04T03:00:40.051341+00:00,22508.443,60,1437.7641,0.15548,20948,5750199,17806,17790.0,310,559,2,27.5,0.0,0.0,27,0,298,298,17809,3833644,OK,HIST_DROP_DELTA=2
2026-07-04T03:01:44.516026+00:00,22572.907,60,1432.7270,-0.19540,20644,5770843,17870,17853.9,268,560,1,27.5,0.0,0.0,27,0,299,299,17873,3833644,OK,HIST_DROP_DELTA=1
2026-07-04T03:02:48.992432+00:00,22637.383,60,1436.1227,0.04114,20982,5791825,17935,17918.8,322,563,3,27.5,0.0,0.0,27,0,300,300,17938,3833660,OK,HIST_DROP_DELTA=3;SNTP_LIKELY
2026-07-04T03:03:53.595431+00:00,22701.986,60,1435.0760,-0.03177,21019,5812844,17999,17982.8,295,566,3,27.5,0.0,0.0,28,0,301,301,18002,3838544,OK,SEG_ROLLOVER;HIST_DROP_DELTA=3;SNTP_LIKELY
2026-07-04T03:04:58.046899+00:00,22766.437,60,1435.6502,0.00823,21094,5833938,18064,18047.7,342,569,3,27.5,0.0,0.0,28,0,303,302,18067,3833676,OK,HIST_DROP_DELTA=3;SNTP_LIKELY
2026-07-04T03:06:02.474997+00:00,22830.866,60,1436.6145,0.07540,20680,5854618,18128,18111.7,347,572,3,27.5,0.0,0.0,28,0,304,304,18131,3833676,OK,HIST_DROP_DELTA=3
2026-07-04T03:07:06.967384+00:00,22895.358,60,1435.5618,0.00207,21007,5875625,18193,18176.6,337,575,3,27.5,0.0,0.0,28,0,305,305,18196,3833660,OK,HIST_DROP_DELTA=3
2026-07-04T03:08:11.542128+00:00,22959.933,60,1436.0835,0.03841,20629,5896254,18257,18240.5,335,577,2,27.5,0.0,0.0,28,0,306,306,18260,3833640,OK,HIST_DROP_DELTA=2
2026-07-04T03:09:16.062271+00:00,23024.453,60,1432.9396,-0.18059,20937,5917191,18322,18305.5,358,580,3,27.5,0.0,0.0,28,0,307,307,18325,3833656,OK,HIST_DROP_DELTA=3;DEVLOG=1
2026-07-04T03:10:20.659078+00:00,23089.050,60,1434.1321,-0.09753,20727,5937918,18386,18369.4,357,583,3,27.5,0.0,0.0,28,0,308,308,18389,3833676,OK,HIST_DROP_DELTA=3
2026-07-04T03:11:25.171474+00:00,23153.563,60,1437.0458,0.10545,20867,5958785,18451,18434.4,303,586,3,27.5,0.0,0.0,28,0,309,309,18454,3833676,OK,HIST_DROP_DELTA=3
2026-07-04T03:12:29.625909+00:00,23218.017,60,1432.4629,-0.21380,20749,5979534,18515,18498.3,321,588,2,27.5,0.0,0.0,28,0,310,310,18519,3833656,OK,HIST_DROP_DELTA=2
2026-07-04T03:13:34.087417+00:00,23282.478,60,1435.4857,-0.00323,20952,6000486,18580,18563.3,341,589,1,27.5,0.0,0.0,28,0,311,311,18583,3826628,OK,HIST_DROP_DELTA=1
2026-07-04T03:14:38.514963+00:00,23346.906,60,1433.9530,-0.11000,20716,6021202,18644,18627.2,339,591,2,27.5,0.0,0.0,29,0,312,312,18647,3838500,OK,SEG_ROLLOVER;HIST_DROP_DELTA=2
2026-07-04T03:15:43.159948+00:00,23411.551,60,1438.7886,0.22685,20855,6042057,18709,18692.1,312,593,2,27.5,0.0,0.0,29,0,313,313,18712,3833640,OK,HIST_DROP_DELTA=2
2026-07-04T03:16:47.671167+00:00,23476.062,60,1434.2959,-0.08611,20745,6062802,18773,18756.1,323,594,1,27.5,0.0,0.0,29,0,314,314,18776,3833640,OK,HIST_DROP_DELTA=1
2026-07-04T03:17:52.080031+00:00,23540.471,60,1436.9830,0.10107,21024,6083826,18838,18821.0,342,596,2,27.5,0.0,0.0,29,0,315,315,18841,3833656,OK,HIST_DROP_DELTA=2
2026-07-04T03:18:56.656122+00:00,23605.047,60,1435.9234,0.02726,20578,6104404,18902,18885.0,349,597,1,27.5,0.0,0.0,29,0,316,316,18905,3833672,OK,HIST_DROP_DELTA=1
2026-07-04T03:20:01.055360+00:00,23669.446,60,1437.5416,0.13999,20989,6125393,18967,18949.9,319,601,4,27.5,0.0,0.0,29,0,318,318,18970,3833680,OK,HIST_DROP_DELTA=4
2026-07-04T03:21:05.667436+00:00,23734.058,60,1432.5592,-0.20709,20449,6145842,19031,19013.9,328,603,2,27.5,0.0,0.0,29,0,319,319,19035,3833672,OK,HIST_DROP_DELTA=2
2026-07-04T03:22:10.229630+00:00,23798.620,60,1434.2020,-0.09266,21135,6166977,19096,19078.8,328,606,3,27.5,0.0,0.0,29,0,320,320,19099,3833656,OK,HIST_DROP_DELTA=3
2026-07-04T03:23:14.738497+00:00,23863.129,60,1432.8286,-0.18833,20739,6187716,19160,19142.7,331,608,2,27.5,0.0,0.0,29,0,321,321,19164,3833656,OK,HIST_DROP_DELTA=2
2026-07-04T03:24:19.413573+00:00,23927.804,60,1435.3920,-0.00976,21205,6208921,19225,19207.7,336,610,2,27.5,0.0,0.0,29,0,322,322,19228,3833656,OK,HIST_DROP_DELTA=2
2026-07-04T03:25:23.965976+00:00,23992.357,60,1436.1312,0.04173,20945,6229866,19290,19272.6,338,612,2,27.5,0.0,0.0,30,0,323,323,19293,3838540,OK,SEG_ROLLOVER;HIST_DROP_DELTA=2
2026-07-04T03:26:28.579334+00:00,24056.970,60,1436.3907,0.05981,20796,6250662,19354,19336.6,342,614,2,27.5,0.0,0.0,30,0,324,324,19357,3833656,OK,HIST_DROP_DELTA=2
2026-07-04T03:27:33.047021+00:00,24121.438,60,1436.5021,0.06757,21055,6271717,19419,19401.5,322,616,2,27.5,0.0,0.0,30,0,325,325,19422,3833672,OK,HIST_DROP_DELTA=2
2026-07-04T03:28:37.656039+00:00,24186.047,60,1437.4984,0.13698,20623,6292340,19483,19465.4,290,618,2,27.5,0.0,0.0,30,0,326,326,19487,3833676,OK,HIST_DROP_DELTA=2
2026-07-04T03:29:42.114615+00:00,24250.505,60,1435.0361,-0.03455,20981,6313321,19548,19530.4,332,620,2,27.5,0.0,0.0,30,0,327,327,19551,3833656,OK,HIST_DROP_DELTA=2
2026-07-04T03:30:46.522236+00:00,24314.913,60,1432.3088,-0.22454,20794,6334115,19612,19594.3,326,620,0,27.5,0.0,0.0,30,0,328,328,19615,3833640,OK,
2026-07-04T03:31:51.033780+00:00,24379.424,60,1432.5390,-0.20850,20737,6354852,19677,19659.3,345,622,2,27.5,0.0,0.0,30,0,329,329,19680,3833672,OK,HIST_DROP_DELTA=2
2026-07-04T03:32:55.647098+00:00,24444.038,60,1433.0738,-0.17124,20586,6375438,19741,19723.2,303,623,1,27.5,0.0,0.0,30,0,330,330,19744,3833640,OK,HIST_DROP_DELTA=1
2026-07-04T03:34:00.115336+00:00,24508.506,60,1433.8955,-0.11401,20821,6396259,19805,19787.2,350,626,3,27.5,0.0,0.0,30,0,332,332,19809,3833664,OK,HIST_DROP_DELTA=3
2026-07-04T03:35:04.465118+00:00,24572.856,60,1433.9431,-0.11069,20966,6417225,19870,19852.1,339,628,2,27.5,0.0,0.0,30,0,333,333,19873,3833676,OK,HIST_DROP_DELTA=2
2026-07-04T03:36:08.829135+00:00,24637.220,60,1434.4485,-0.07548,21154,6438379,19935,19917.0,334,630,2,27.5,0.0,0.0,31,0,334,334,19938,3838520,OK,SEG_ROLLOVER;HIST_DROP_DELTA=2
2026-07-04T03:37:13.333321+00:00,24701.724,60,1432.8901,-0.18405,20734,6459113,19999,19981.0,295,632,2,27.5,0.0,0.0,31,0,335,335,20002,3833656,OK,HIST_DROP_DELTA=2
2026-07-04T03:38:17.691297+00:00,24766.082,60,1434.8524,-0.04735,20362,6479475,20063,20044.9,329,635,3,27.5,0.0,0.0,31,0,336,336,20067,3833656,OK,HIST_DROP_DELTA=3
2026-07-04T03:39:22.202377+00:00,24830.593,60,1434.2050,-0.09245,20739,6500214,20128,20109.9,323,637,2,27.5,0.0,0.0,31,0,337,337,20131,3833656,OK,HIST_DROP_DELTA=2
2026-07-04T03:40:26.716032+00:00,24895.107,60,1434.3948,-0.07922,20500,6520714,20192,20173.8,341,639,2,28.0,0.0,0.0,31,0,338,338,20196,3833656,OK,HIST_DROP_DELTA=2;DEVLOG=1
2026-07-04T03:41:31.329578+00:00,24959.720,60,1432.8391,-0.18760,20868,6541582,20257,20238.7,329,641,2,28.0,0.0,0.0,31,0,339,339,20260,3833656,OK,HIST_DROP_DELTA=2
2026-07-04T03:42:35.994772+00:00,25024.385,60,1436.4729,0.06553,21108,6562690,20322,20303.7,334,644,3,28.0,0.0,0.0,31,0,340,340,20325,3833668,OK,HIST_DROP_DELTA=3
2026-07-04T03:43:40.507464+00:00,25088.898,60,1439.8522,0.30094,20571,6583261,20386,20367.6,324,646,2,28.0,0.0,0.0,31,0,341,341,20389,3833656,OK,HIST_DROP_DELTA=2
2026-07-04T03:44:45.178621+00:00,25153.569,60,1433.4371,-0.14594,21000,6604261,20451,20432.6,329,648,2,28.0,0.0,0.0,31,0,342,342,20454,3833636,OK,HIST_DROP_DELTA=2
2026-07-04T03:45:49.628546+00:00,25218.019,60,1434.8485,-0.04762,20623,6624884,20515,20496.5,326,649,1,28.0,0.0,0.0,31,0,343,343,20518,3833652,OK,HIST_DROP_DELTA=1
2026-07-04T03:46:54.149530+00:00,25282.540,60,1430.1600,-0.37422,21095,6645979,20580,20561.5,309,651,2,28.0,0.0,0.0,31,0,344,344,20583,3833640,OK,HIST_DROP_DELTA=2
2026-07-04T03:47:59.573913+00:00,25347.964,60,1430.1396,-0.37564,20700,6666679,20644,20625.4,328,652,1,28.0,0.0,0.0,32,0,346,345,20647,3837756,OK,SEG_ROLLOVER;HIST_DROP_DELTA=1
2026-07-04T03:49:04.091129+00:00,25412.482,60,1430.4213,-0.35602,21481,6688160,20710,20691.3,327,655,3,28.0,0.0,0.0,32,0,347,347,20713,3833672,OK,HIST_DROP_DELTA=3
2026-07-04T03:50:08.603469+00:00,25476.994,60,1432.0592,-0.24192,20662,6708822,20774,20755.3,308,657,2,28.0,0.0,0.0,32,0,348,348,20778,3833672,OK,HIST_DROP_DELTA=2
2026-07-04T03:51:13.006736+00:00,25541.397,60,1433.1131,-0.16851,20725,6729547,20839,20820.2,293,659,2,28.0,0.0,0.0,32,0,349,349,20842,3833672,OK,HIST_DROP_DELTA=2
2026-07-04T03:52:17.314528+00:00,25605.705,60,1435.3829,-0.01040,20530,6750077,20903,20884.2,285,660,1,28.0,0.0,0.0,32,0,350,350,20906,3833672,OK,HIST_DROP_DELTA=1
2026-07-04T03:53:21.829184+00:00,25670.220,60,1432.2116,-0.23131,20900,6770977,20967,20948.1,340,662,2,28.0,0.0,0.0,32,0,351,351,20971,3833676,OK,HIST_DROP_DELTA=2
2026-07-04T03:54:26.241327+00:00,25734.632,60,1435.5103,-0.00152,20683,6791660,21032,21013.1,333,664,2,28.0,0.0,0.0,32,0,352,352,21035,3833672,OK,HIST_DROP_DELTA=2
2026-07-04T03:55:30.694161+00:00,25799.085,60,1430.8610,-0.32539,20577,6812237,21096,21077.0,337,666,2,28.0,0.0,0.0,32,0,353,353,21100,3833676,OK,HIST_DROP_DELTA=2
2026-07-04T03:56:35.205028+00:00,25863.596,60,1435.2080,-0.02258,21151,6833388,21161,21141.9,328,668,2,28.0,0.0,0.0,32,0,354,354,21164,3833284,OK,HIST_DROP_DELTA=2
2026-07-04T03:57:39.670200+00:00,25928.061,60,1433.6653,-0.13004,20609,6853997,21225,21205.9,356,669,1,28.0,0.0,0.0,32,0,355,355,21229,3833672,OK,HIST_DROP_DELTA=1
2026-07-04T03:58:44.071941+00:00,25992.463,60,1431.6443,-0.27082,20871,6874868,21290,21270.8,330,671,2,28.0,0.0,0.0,33,0,356,356,21293,3838536,OK,SEG_ROLLOVER;HIST_DROP_DELTA=2
2026-07-04T03:59:48.429191+00:00,26056.820,60,1433.3107,-0.15474,20710,6895578,21354,21334.8,313,672,1,28.0,0.0,0.0,33,0,357,357,21357,3833640,OK,HIST_DROP_DELTA=1
2026-07-04T04:00:53.046791+00:00,26121.437,60,1434.2415,-0.08990,20822,6916400,21419,21399.7,316,674,2,28.0,0.0,0.0,33,0,358,358,21422,3833640,OK,HIST_DROP_DELTA=2
2026-07-04T04:01:57.607937+00:00,26185.999,60,1436.9424,0.09824,20714,6937114,21483,21463.6,320,676,2,28.0,0.0,0.0,33,0,359,359,21486,3833640,OK,HIST_DROP_DELTA=2;SNTP_LIKELY
2026-07-04T04:03:01.917303+00:00,26250.308,60,1431.1931,-0.30226,20932,6958046,21548,21528.6,325,679,3,28.0,0.0,0.0,33,0,361,361,21551,3833640,OK,HIST_DROP_DELTA=3;SNTP_LIKELY
2026-07-04T04:04:06.373052+00:00,26314.764,60,1432.8821,-0.18460,20687,6978733,21612,21592.5,306,680,1,28.0,0.0,0.0,33,0,362,362,21615,3833672,OK,HIST_DROP_DELTA=1;SNTP_LIKELY
2026-07-04T04:05:10.732906+00:00,26379.124,60,1433.3659,-0.15090,21086,6999819,21677,21657.5,344,683,3,28.0,0.0,0.0,33,0,363,363,21680,3833672,OK,HIST_DROP_DELTA=3;SNTP_LIKELY
2026-07-04T04:06:15.139935+00:00,26443.531,60,1434.1937,-0.09324,20458,7020277,21741,21721.4,352,684,1,28.0,0.0,0.0,33,0,364,364,21744,3833672,OK,HIST_DROP_DELTA=1
2026-07-04T04:07:19.496102+00:00,26507.887,60,1435.5322,0.00001,20557,7040834,21805,21785.4,323,685,1,28.0,0.0,0.0,33,0,365,365,21808,3833676,OK,HIST_DROP_DELTA=1
2026-07-04T04:08:24.108863+00:00,26572.499,60,1432.4831,-0.21240,20807,7061641,21870,21850.3,315,688,3,28.0,0.0,0.0,33,0,366,366,21873,3833640,OK,HIST_DROP_DELTA=3
2026-07-04T04:09:28.796600+00:00,26637.187,60,1432.4736,-0.21306,20443,7082084,21934,21914.2,305,689,1,28.0,0.0,0.0,34,0,367,367,21938,3838536,OK,SEG_ROLLOVER;HIST_DROP_DELTA=1
2026-07-04T04:10:33.308231+00:00,26701.699,60,1433.3740,-0.15033,20935,7103019,21999,21979.2,318,691,2,28.0,0.0,0.0,34,0,368,368,22002,3833672,OK,HIST_DROP_DELTA=2;DEVLOG=1
2026-07-04T04:11:37.902425+00:00,26766.293,60,1433.4362,-0.14600,21184,7124203,22064,22044.1,332,693,2,28.0,0.0,0.0,34,0,369,369,22067,3833664,OK,HIST_DROP_DELTA=2
2026-07-04T04:12:42.565797+00:00,26830.957,60,1434.6585,-0.06086,20886,7145089,22128,22108.1,347,696,3,28.0,0.0,0.0,34,0,370,370,22131,3833676,OK,HIST_DROP_DELTA=3
2026-07-04T04:13:47.075323+00:00,26895.466,60,1437.0272,0.10415,20884,7165973,22193,22173.0,323,698,2,28.0,0.0,0.0,34,0,371,371,22196,3833672,OK,HIST_DROP_DELTA=2
2026-07-04T04:14:51.688905+00:00,26960.080,60,1432.7019,-0.19715,20631,7186604,22257,22236.9,318,699,1,28.0,0.0,0.0,34,0,372,372,22261,3833640,OK,HIST_DROP_DELTA=1
2026-07-04T04:15:56.160228+00:00,27024.551,60,1435.5188,-0.00092,20951,7207555,22322,22301.9,314,701,2,28.0,0.0,0.0,34,0,373,373,22325,3833640,OK,HIST_DROP_DELTA=2
2026-07-04T04:17:00.576731+00:00,27088.968,60,1431.4391,-0.28512,20704,7228259,22386,22365.8,352,703,2,28.0,0.0,0.0,34,0,375,375,22389,3833640,OK,HIST_DROP_DELTA=2
2026-07-04T04:18:05.121842+00:00,27153.512,60,1433.6805,-0.12898,20932,7249191,22451,22430.8,346,706,3,28.0,0.0,0.0,34,0,376,376,22454,3833640,OK,HIST_DROP_DELTA=3
2026-07-04T04:19:09.703994+00:00,27218.095,60,1433.6594,-0.13045,20705,7269896,22515,22494.7,310,707,1,28.0,0.0,0.0,34,0,377,377,22519,3833676,OK,HIST_DROP_DELTA=1
2026-07-04T04:20:14.277158+00:00,27282.668,60,1435.3164,-0.01503,21007,7290903,22580,22559.7,327,710,3,28.0,0.0,0.0,35,0,378,378,22583,3838536,OK,SEG_ROLLOVER;HIST_DROP_DELTA=3
2026-07-04T04:21:18.815897+00:00,27347.206,60,1438.0507,0.17545,21050,7311953,22645,22624.6,301,713,3,28.0,0.0,0.0,35,0,379,379,22648,3833676,OK,HIST_DROP_DELTA=3
2026-07-04T04:22:23.324047+00:00,27411.715,60,1434.2039,-0.09252,20691,7332644,22709,22688.5,332,715,2,28.0,0.0,0.0,35,0,380,380,22712,3833672,OK,HIST_DROP_DELTA=2
2026-07-04T04:23:27.833237+00:00,27476.224,60,1435.0206,-0.03563,21151,7353795,22774,22753.5,324,718,3,28.0,0.0,0.0,35,0,381,381,22777,3833672,OK,HIST_DROP_DELTA=3
2026-07-04T04:24:32.447097+00:00,27540.838,60,1438.2271,0.18773,20769,7374564,22838,22817.4,362,720,2,28.0,0.0,0.0,35,0,382,382,22841,3833672,OK,HIST_DROP_DELTA=2
2026-07-04T04:25:37.058704+00:00,27605.449,60,1437.5379,0.13973,20923,7395487,22903,22882.4,334,722,2,28.0,0.0,0.0,35,0,383,383,22906,3833672,OK,HIST_DROP_DELTA=2
2026-07-04T04:26:41.736950+00:00,27670.128,60,1433.2424,-0.15950,20743,7416230,22967,22946.3,338,724,2,28.0,0.0,0.0,35,0,384,384,22970,3833672,OK,HIST_DROP_DELTA=2
2026-07-04T04:27:46.390046+00:00,27734.781,60,1435.2552,-0.01929,20817,7437047,23032,23011.2,307,727,3,28.0,0.0,0.0,35,0,385,385,23035,3833652,OK,HIST_DROP_DELTA=3
2026-07-04T04:28:50.899053+00:00,27799.290,60,1433.1862,-0.16342,20805,7457852,23097,23076.2,340,729,2,28.0,0.0,0.0,35,0,386,386,23100,3833652,OK,HIST_DROP_DELTA=2
2026-07-04T04:29:55.514149+00:00,27863.905,60,1435.7829,0.01747,20703,7478555,23161,23140.1,319,732,3,28.0,0.0,0.0,35,0,387,387,23164,3833624,OK,HIST_DROP_DELTA=3
2026-07-04T04:31:00.132979+00:00,27928.524,60,1434.4792,-0.07335,21151,7499706,23226,23205.1,353,735,3,28.0,0.0,0.0,35,0,389,388,23229,3838496,OK,HIST_DROP_DELTA=3
2026-07-04T04:32:04.643766+00:00,27993.034,60,1436.5542,0.07120,20761,7520467,23290,23269.0,330,739,4,28.0,0.0,0.0,36,0,390,390,23294,3833620,OK,SEG_ROLLOVER;HIST_DROP_DELTA=4
2026-07-04T04:33:09.199657+00:00,28057.590,60,1432.3844,-0.21927,20926,7541393,23355,23334.0,329,741,2,28.0,0.0,0.0,36,0,391,391,23358,3833624,OK,HIST_DROP_DELTA=2
2026-07-04T04:34:13.813682+00:00,28122.204,60,1436.3374,0.05610,20493,7561886,23419,23397.9,324,744,3,28.0,0.0,0.0,36,0,392,392,23423,3833656,OK,HIST_DROP_DELTA=3
2026-07-04T04:35:18.381071+00:00,28186.772,60,1433.4170,-0.14734,20960,7582846,23484,23462.8,335,745,1,28.0,0.0,0.0,36,0,393,393,23487,3833640,OK,HIST_DROP_DELTA=1
2026-07-04T04:36:22.887335+00:00,28251.278,60,1434.2190,-0.09147,21021,7603867,23549,23527.8,342,748,3,28.0,0.0,0.0,36,0,394,394,23552,3833656,OK,HIST_DROP_DELTA=3
2026-07-04T04:37:27.296450+00:00,28315.687,60,1438.6974,0.22049,20601,7624468,23613,23591.7,328,750,2,28.0,0.0,0.0,36,0,395,395,23616,3833656,OK,HIST_DROP_DELTA=2
2026-07-04T04:38:32.371220+00:00,28380.762,60,1433.3654,-0.15094,21033,7645501,23678,23656.7,305,752,2,28.0,0.0,0.0,36,0,396,396,23681,3833656,OK,HIST_DROP_DELTA=2
2026-07-04T04:39:37.039869+00:00,28445.430,60,1432.7059,-0.19688,20887,7666388,23743,23721.6,324,755,3,28.0,0.0,0.0,36,0,397,397,23746,3833652,OK,HIST_DROP_DELTA=3
2026-07-04T04:40:41.447008+00:00,28509.838,60,1434.8669,-0.04634,20773,7687161,23807,23785.6,315,756,1,27.0,0.0,0.0,36,0,398,398,23810,3833652,OK,HIST_DROP_DELTA=1;DEVLOG=1
2026-07-04T04:41:45.962037+00:00,28574.353,60,1437.6228,0.14564,20794,7707955,23872,23850.5,324,759,3,27.0,0.0,0.0,36,0,399,399,23875,3833652,OK,HIST_DROP_DELTA=3
2026-07-04T04:42:50.571564+00:00,28638.962,60,1433.0432,-0.17338,20419,7728374,23936,23914.4,333,761,2,27.0,0.0,0.0,37,0,400,400,23939,3838504,OK,SEG_ROLLOVER;HIST_DROP_DELTA=2
2026-07-04T04:43:55.080424+00:00,28703.471,60,1431.4678,-0.28312,20829,7749203,24001,23979.4,339,764,3,27.0,0.0,0.0,37,0,401,401,24004,3833624,OK,HIST_DROP_DELTA=3
2026-07-04T04:44:59.691077+00:00,28768.082,60,1434.5983,-0.06505,20860,7770063,24065,24043.3,323,767,3,27.0,0.0,0.0,37,0,403,402,24069,3833620,OK,HIST_DROP_DELTA=3
2026-07-04T04:46:04.161446+00:00,28832.552,60,1434.8399,-0.04822,21013,7791076,24130,24108.3,315,769,2,27.0,0.0,0.0,37,0,404,404,24133,3833620,OK,HIST_DROP_DELTA=2
2026-07-04T04:47:08.614486+00:00,28897.005,60,1435.9432,0.02863,20567,7811643,24194,24172.2,322,771,2,27.0,0.0,0.0,37,0,405,405,24198,3833620,OK,HIST_DROP_DELTA=2
2026-07-04T04:48:13.230568+00:00,28961.621,60,1438.5228,0.20833,20992,7832635,24259,24237.1,336,774,3,27.0,0.0,0.0,37,0,406,406,24262,3833620,OK,HIST_DROP_DELTA=3
2026-07-04T04:49:17.747755+00:00,29026.138,60,1434.7354,-0.05550,20895,7853530,24324,24302.1,325,777,3,27.0,0.0,0.0,37,0,407,407,24327,3833644,OK,HIST_DROP_DELTA=3
2026-07-04T04:50:22.274508+00:00,29090.665,60,1434.2863,-0.08679,20783,7874313,24388,24366.0,343,780,3,27.0,0.0,0.0,37,0,408,408,24391,3833656,OK,HIST_DROP_DELTA=3
2026-07-04T04:51:26.915823+00:00,29155.306,60,1434.7105,-0.05724,20878,7895191,24453,24431.0,316,784,4,27.0,0.0,0.0,37,0,409,409,24456,3833644,OK,HIST_DROP_DELTA=4
2026-07-04T04:52:31.386925+00:00,29219.778,60,1433.2898,-0.15620,20675,7915866,24517,24494.9,308,786,2,27.0,0.0,0.0,37,0,410,410,24520,3833648,OK,HIST_DROP_DELTA=2
2026-07-04T04:53:35.893415+00:00,29284.284,60,1436.4921,0.06688,20962,7936828,24582,24559.9,330,788,2,27.0,0.0,0.0,38,0,411,411,24585,3838520,OK,SEG_ROLLOVER;HIST_DROP_DELTA=2
2026-07-04T04:54:40.450260+00:00,29348.841,60,1432.1447,-0.23597,20556,7957384,24646,24623.8,299,791,3,27.0,0.0,0.0,38,0,412,412,24649,3833652,OK,HIST_DROP_DELTA=3
2026-07-04T04:55:45.020735+00:00,29413.411,60,1435.5599,0.00194,20816,7978200,24711,24688.7,299,794,3,27.0,0.0,0.0,38,0,413,413,24714,3833652,OK,HIST_DROP_DELTA=3
2026-07-04T04:56:49.421612+00:00,29477.812,60,1435.7003,0.01172,20521,7998721,24775,24752.7,321,796,2,27.0,0.0,0.0,38,0,414,414,24778,3833652,OK,HIST_DROP_DELTA=2
2026-07-04T04:57:53.985520+00:00,29542.376,60,1436.6134,0.07532,20817,8019538,24840,24817.6,317,800,4,27.0,0.0,0.0,38,0,415,415,24843,3833652,OK,HIST_DROP_DELTA=4
2026-07-04T04:58:58.548854+00:00,29606.939,60,1431.1232,-0.30713,20546,8040084,24904,24881.6,321,803,3,27.0,0.0,0.0,38,0,416,416,24907,3833608,OK,HIST_DROP_DELTA=3
2026-07-04T05:00:03.174128+00:00,29671.565,60,1436.1830,0.04535,21390,8061474,24969,24946.5,334,808,5,27.0,0.0,0.0,38,0,418,418,24972,3833648,OK,HIST_DROP_DELTA=5
2026-07-04T05:01:07.674098+00:00,29736.065,60,1437.4426,0.13309,20514,8081988,25033,25010.4,331,811,3,27.0,0.0,0.0,38,0,419,419,25036,3833620,OK,HIST_DROP_DELTA=3
2026-07-04T05:02:12.185595+00:00,29800.576,60,1435.1354,-0.02763,20899,8102887,25098,25075.4,299,813,2,27.0,0.0,0.0,38,0,420,420,25101,3833624,OK,HIST_DROP_DELTA=2;SNTP_LIKELY
2026-07-04T05:03:16.592382+00:00,29864.983,60,1436.9563,0.09921,20785,8123672,25162,25139.3,331,817,4,27.0,0.0,0.0,38,0,421,421,25166,3833620,OK,HIST_DROP_DELTA=4;SNTP_LIKELY
2026-07-04T05:04:21.052611+00:00,29929.443,60,1436.2041,0.04681,21183,8144855,25227,25204.3,326,820,3,27.0,0.0,0.0,39,0,422,422,25230,3838520,OK,SEG_ROLLOVER;HIST_DROP_DELTA=3;SNTP_LIKELY
2026-07-04T05:05:25.664782+00:00,29994.055,60,1438.2078,0.18639,20631,8165486,25291,25268.2,303,822,2,27.0,0.0,0.0,39,0,423,423,25295,3833656,OK,HIST_DROP_DELTA=2;SNTP_LIKELY
2026-07-04T05:06:30.132434+00:00,30058.523,60,1433.6185,-0.13330,20743,8186229,25356,25333.2,330,825,3,27.0,0.0,0.0,39,0,424,424,25359,3833648,OK,HIST_DROP_DELTA=3
2026-07-04T05:07:34.637658+00:00,30123.028,60,1434.9181,-0.04278,20742,8206971,25420,25397.1,329,828,3,27.0,0.0,0.0,39,0,425,425,25424,3832856,OK,HIST_DROP_DELTA=3
2026-07-04T05:08:39.200021+00:00,30187.591,60,1435.2195,-0.02178,20602,8227573,25485,25462.0,333,831,3,27.0,0.0,0.0,39,0,426,426,25488,3833624,OK,HIST_DROP_DELTA=3
2026-07-04T05:09:43.766295+00:00,30252.157,60,1438.1735,0.18400,20897,8248470,25550,25527.0,318,834,3,27.0,0.0,0.0,39,0,427,427,25553,3833608,OK,HIST_DROP_DELTA=3
2026-07-04T05:10:48.224065+00:00,30316.615,60,1435.4046,-0.00888,20450,8268920,25614,25590.9,292,837,3,27.0,0.0,0.0,39,0,428,428,25617,3833648,OK,HIST_DROP_DELTA=3
2026-07-04T05:11:52.699257+00:00,30381.090,60,1432.0013,-0.24596,20844,8289764,25679,25655.9,300,841,4,27.5,0.0,0.0,39,0,429,429,25682,3833636,OK,HIST_DROP_DELTA=4;DEVLOG=1
2026-07-04T05:12:57.296499+00:00,30445.687,60,1436.0856,0.03856,20556,8310320,25743,25719.8,293,844,3,27.5,0.0,0.0,39,0,430,430,25746,3833636,OK,HIST_DROP_DELTA=3
2026-07-04T05:14:01.809880+00:00,30510.200,60,1437.1148,0.11025,20468,8330788,25807,25783.8,347,848,4,27.5,0.0,0.0,39,0,432,432,25811,3833628,OK,HIST_DROP_DELTA=4
2026-07-04T05:15:06.369854+00:00,30574.760,60,1436.6025,0.07457,20811,8351599,25872,25848.7,333,851,3,27.5,0.0,0.0,40,0,433,433,25875,3838492,OK,SEG_ROLLOVER;HIST_DROP_DELTA=3
2026-07-04T05:16:11.240542+00:00,30639.631,60,1433.0598,-0.17222,21124,8372723,25937,25913.6,355,854,3,27.5,0.0,0.0,40,0,434,434,25940,3794976,OK,HIST_DROP_DELTA=3
2026-07-04T05:17:15.751530+00:00,30704.142,60,1432.4816,-0.21250,20872,8393595,26002,25978.6,310,857,3,27.5,0.0,0.0,40,0,435,435,26005,3833636,OK,HIST_DROP_DELTA=3
2026-07-04T05:18:20.266155+00:00,30768.657,60,1438.9214,0.23610,20778,8414373,26066,26042.5,297,859,2,27.5,0.0,0.0,40,0,436,436,26069,3833624,OK,HIST_DROP_DELTA=2
2026-07-04T05:19:24.689692+00:00,30833.081,60,1436.2952,0.05316,20842,8435215,26131,26107.5,337,862,3,27.5,0.0,0.0,40,0,437,437,26134,3833652,OK,HIST_DROP_DELTA=3
2026-07-04T05:20:29.085097+00:00,30897.476,60,1434.0319,-0.10450,20855,8456070,26195,26171.4,343,865,3,27.5,0.0,0.0,40,0,438,438,26198,3833652,OK,HIST_DROP_DELTA=3
2026-07-04T05:21:33.734351+00:00,30962.125,60,1433.4047,-0.14820,20532,8476602,26259,26235.3,310,869,4,27.5,0.0,0.0,40,0,439,439,26262,3833656,OK,HIST_DROP_DELTA=4
2026-07-04T05:22:38.303998+00:00,31026.695,60,1433.1918,-0.16303,20770,8497372,26324,26300.3,332,873,4,27.5,0.0,0.0,40,0,440,440,26327,3833652,OK,HIST_DROP_DELTA=4
2026-07-04T05:23:42.921068+00:00,31091.312,60,1432.4459,-0.21499,20961,8518333,26389,26365.2,347,876,3,27.5,0.0,0.0,40,0,441,441,26392,3833652,OK,HIST_DROP_DELTA=3
2026-07-04T05:24:47.365474+00:00,31155.756,60,1433.8899,-0.11439,20464,8538797,26453,26429.2,344,878,2,27.5,0.0,0.0,40,0,442,442,26456,3833636,OK,HIST_DROP_DELTA=2
2026-07-04T05:25:51.994458+00:00,31220.385,60,1433.7565,-0.12369,20918,8559715,26518,26494.1,355,881,3,27.5,0.0,0.0,40,0,443,443,26521,3833660,OK,HIST_DROP_DELTA=3
2026-07-04T05:26:56.402332+00:00,31284.793,60,1432.1388,-0.23638,20790,8580505,26582,26558.1,337,883,2,27.5,0.0,0.0,41,0,444,444,26585,3838524,OK,SEG_ROLLOVER;HIST_DROP_DELTA=2
2026-07-04T05:28:00.983030+00:00,31349.374,60,1436.0098,0.03328,21028,8601533,26647,26623.0,329,886,3,27.5,0.0,0.0,41,0,446,446,26650,3833660,OK,HIST_DROP_DELTA=3
2026-07-04T05:29:05.385560+00:00,31413.776,60,1432.2791,-0.22660,20467,8622000,26711,26686.9,329,890,4,27.5,0.0,0.0,41,0,447,447,26714,3833616,OK,HIST_DROP_DELTA=4
2026-07-04T05:30:09.883647+00:00,31478.274,60,1437.5755,0.14234,20893,8642893,26776,26751.9,333,893,3,27.5,0.0,0.0,41,0,448,448,26779,3833616,OK,HIST_DROP_DELTA=3
2026-07-04T05:31:14.606479+00:00,31542.998,60,1434.7646,-0.05346,20341,8663234,26840,26815.8,312,895,2,27.5,0.0,0.0,41,0,449,449,26843,3833628,OK,HIST_DROP_DELTA=2
2026-07-04T05:32:19.127672+00:00,31607.518,60,1437.2610,0.12044,21115,8684349,26905,26880.8,371,897,2,27.5,0.0,0.0,41,0,450,450,26908,3833624,OK,HIST_DROP_DELTA=2
2026-07-04T05:33:23.626269+00:00,31672.017,60,1435.1467,-0.02685,21124,8705473,26970,26945.7,330,900,3,27.5,0.0,0.0,41,0,451,451,26973,3833624,OK,HIST_DROP_DELTA=3
2026-07-04T05:34:28.034661+00:00,31736.425,60,1433.3629,-0.15111,20642,8726115,27034,27009.7,326,903,3,27.5,0.0,0.0,41,0,452,452,27037,3833652,OK,HIST_DROP_DELTA=3
2026-07-04T05:35:32.828306+00:00,31801.219,60,1435.1567,-0.02615,20594,8746709,27098,27073.6,321,907,4,27.5,0.0,0.0,41,0,453,453,27102,3833652,OK,HIST_DROP_DELTA=4
2026-07-04T05:36:37.208627+00:00,31865.599,60,1434.9367,-0.04148,20840,8767549,27163,27138.5,334,911,4,27.5,0.0,0.0,41,0,454,454,27166,3833652,OK,HIST_DROP_DELTA=4
2026-07-04T05:37:41.678989+00:00,31930.070,60,1437.7931,0.15750,20667,8788216,27228,27203.5,326,914,3,27.5,0.0,0.0,42,0,455,455,27231,3838516,OK,SEG_ROLLOVER;HIST_DROP_DELTA=3
2026-07-04T05:38:46.178728+00:00,31994.569,60,1433.0751,-0.17116,20575,8808791,27292,27267.4,335,917,3,27.5,0.0,0.0,42,0,456,456,27295,3833640,OK,HIST_DROP_DELTA=3
2026-07-04T05:39:50.697298+00:00,32059.088,60,1436.7881,0.08750,20977,8829768,27357,27332.4,308,920,3,27.5,0.0,0.0,42,0,457,457,27360,3833648,OK,HIST_DROP_DELTA=3
2026-07-04T05:40:55.099184+00:00,32123.490,60,1435.6358,0.00722,20500,8850268,27421,27396.3,336,923,3,27.5,0.0,0.0,42,0,458,458,27424,3833648,OK,HIST_DROP_DELTA=3
2026-07-04T05:41:59.620671+00:00,32188.011,60,1432.7452,-0.19414,20590,8870858,27485,27460.2,323,926,3,26.5,0.0,0.0,42,0,459,459,27489,3833648,OK,HIST_DROP_DELTA=3;DEVLOG=1
2026-07-04T05:43:04.026932+00:00,32252.418,60,1434.1001,-0.09975,20908,8891766,27550,27525.2,310,930,4,26.5,0.0,0.0,42,0,461,461,27553,3833648,OK,HIST_DROP_DELTA=4
2026-07-04T05:44:08.547213+00:00,32316.938,60,1433.5050,-0.14121,20727,8912493,27614,27589.1,317,933,3,26.5,0.0,0.0,42,0,462,462,27617,3833616,OK,HIST_DROP_DELTA=3
2026-07-04T05:45:13.045787+00:00,32381.436,60,1436.4927,0.06691,21058,8933551,27679,27654.1,329,935,2,26.5,0.0,0.0,42,0,463,463,27682,3833616,OK,HIST_DROP_DELTA=2
2026-07-04T05:46:17.664776+00:00,32446.055,60,1434.5135,-0.07096,20665,8954216,27743,27718.0,316,938,3,26.5,0.0,0.0,42,0,464,464,27747,3833616,OK,HIST_DROP_DELTA=3
2026-07-04T05:47:22.219295+00:00,32510.610,60,1434.0645,-0.10223,20826,8975042,27808,27783.0,327,941,3,26.5,0.0,0.0,42,0,465,465,27811,3833616,OK,HIST_DROP_DELTA=3
2026-07-04T05:48:26.891691+00:00,32575.282,60,1432.5582,-0.20716,20957,8995999,27873,27847.9,321,944,3,26.5,0.0,0.0,43,0,466,466,27876,3838480,OK,SEG_ROLLOVER;HIST_DROP_DELTA=3
2026-07-04T05:49:31.447133+00:00,32639.838,60,1433.5881,-0.13542,20461,9016460,27937,27911.8,333,947,3,26.5,0.0,0.0,43,0,467,467,27940,3833640,OK,HIST_DROP_DELTA=3
2026-07-04T05:50:35.910844+00:00,32704.301,60,1435.2171,-0.02194,20679,9037139,28001,27975.8,330,951,4,26.5,0.0,0.0,43,0,468,468,28005,3833648,OK,HIST_DROP_DELTA=4
2026-07-04T05:51:40.572174+00:00,32768.963,60,1429.1303,-0.44595,21274,9058413,28066,28040.7,316,953,2,26.5,0.0,0.0,43,0,469,469,28069,3833652,OK,HIST_DROP_DELTA=2
2026-07-04T05:52:45.049608+00:00,32833.440,60,1434.1667,-0.09511,21088,9079501,28131,28105.7,321,957,4,26.5,0.0,0.0,43,0,470,470,28134,3833652,OK,HIST_DROP_DELTA=4
2026-07-04T05:53:49.493692+00:00,32897.884,60,1433.1706,-0.16450,20519,9100020,28195,28169.6,306,960,3,26.5,0.0,0.0,43,0,471,471,28198,3833652,OK,HIST_DROP_DELTA=3
2026-07-04T05:54:54.002483+00:00,32962.393,60,1435.8542,0.02243,21110,9121130,28260,28234.6,321,963,3,26.5,0.0,0.0,43,0,472,472,28263,3833648,OK,HIST_DROP_DELTA=3
2026-07-04T05:55:58.616202+00:00,33027.007,60,1436.5507,0.07096,20181,9141311,28324,28298.5,333,966,3,26.5,0.0,0.0,43,0,473,473,28328,3833636,OK,HIST_DROP_DELTA=3
2026-07-04T05:57:03.127988+00:00,33091.519,60,1435.8285,0.02065,20580,9161891,28388,28362.4,336,969,3,26.5,0.0,0.0,43,0,475,475,28392,3833648,OK,HIST_DROP_DELTA=3
2026-07-04T05:58:07.592026+00:00,33155.983,60,1437.6046,0.14437,21185,9183076,28454,28428.4,309,972,3,26.5,0.0,0.0,43,0,476,476,28457,3833648,OK,HIST_DROP_DELTA=3
2026-07-04T05:59:12.007360+00:00,33220.398,60,1435.8832,0.02446,20181,9203257,28518,28492.3,311,974,2,26.5,0.0,0.0,44,0,477,477,28521,3838492,OK,SEG_ROLLOVER;HIST_DROP_DELTA=2
2026-07-04T06:00:16.613153+00:00,33285.004,60,1437.8990,0.16488,20432,9223689,28582,28556.3,334,977,3,26.5,0.0,0.0,44,0,478,478,28586,3833624,OK,HIST_DROP_DELTA=3
2026-07-04T06:01:21.070744+00:00,33349.461,60,1437.6644,0.14854,21028,9244717,28647,28621.2,346,981,4,26.5,0.0,0.0,44,0,479,479,28650,3833624,OK,HIST_DROP_DELTA=4
2026-07-04T06:02:25.786154+00:00,33414.177,60,1433.8907,-0.11434,21043,9265760,28712,28686.1,299,984,3,26.5,0.0,0.0,44,0,480,480,28715,3833624,OK,HIST_DROP_DELTA=3;SNTP_LIKELY
2026-07-04T06:03:30.415984+00:00,33478.807,60,1436.3884,0.05965,20610,9286370,28776,28750.1,341,986,2,26.5,0.0,0.0,44,0,481,481,28779,3833628,OK,HIST_DROP_DELTA=2;SNTP_LIKELY
2026-07-04T06:04:35.062981+00:00,33543.454,60,1435.8879,0.02479,20905,9307275,28841,28815.0,311,989,3,26.5,0.0,0.0,44,0,482,482,28844,3829724,OK,HIST_DROP_DELTA=3;SNTP_LIKELY
2026-07-04T06:05:39.710631+00:00,33608.101,60,1435.7952,0.01833,20731,9328006,28906,28880.0,334,993,4,26.5,0.0,0.0,44,0,483,483,28909,3833640,OK,HIST_DROP_DELTA=4;SNTP_LIKELY
2026-07-04T06:06:44.105695+00:00,33672.496,60,1432.8404,-0.18750,20737,9348743,28970,28943.9,359,996,3,26.5,0.0,0.0,44,0,484,484,28973,3833652,OK,HIST_DROP_DELTA=3
2026-07-04T06:07:48.599255+00:00,33736.990,60,1435.5696,0.00261,21114,9369857,29035,29008.9,304,1000,4,26.5,0.0,0.0,44,0,485,485,29038,3833624,OK,HIST_DROP_DELTA=4
2026-07-04T06:08:53.423116+00:00,33801.814,60,1435.4335,-0.00687,20859,9390716,29099,29072.8,341,1003,3,26.5,0.0,0.0,44,0,486,486,29102,3833644,OK,HIST_DROP_DELTA=3
2026-07-04T06:09:58.082606+00:00,33866.473,60,1436.7279,0.08330,20847,9411563,29164,29137.7,341,1006,3,26.5,0.0,0.0,44,0,487,487,29167,3833636,OK,HIST_DROP_DELTA=3
2026-07-04T06:11:02.642574+00:00,33931.033,60,1432.4853,-0.21224,20432,9431995,29228,29201.7,330,1009,3,26.5,0.0,0.0,45,0,489,489,29232,3833640,OK,SEG_ROLLOVER;HIST_DROP_DELTA=3
2026-07-04T06:12:07.263500+00:00,33995.654,60,1435.1366,-0.02755,21124,9453119,29293,29266.6,327,1012,3,26.5,0.0,0.0,45,0,490,490,29296,3833636,OK,HIST_DROP_DELTA=3
2026-07-04T06:13:11.772191+00:00,34060.163,60,1436.6768,0.07974,20911,9474030,29358,29331.6,328,1015,3,27.0,0.0,0.0,45,0,491,491,29361,3833636,OK,HIST_DROP_DELTA=3;DEVLOG=1
2026-07-04T06:14:16.186521+00:00,34124.577,60,1433.5238,-0.13990,20629,9494659,29422,29395.5,326,1018,3,27.0,0.0,0.0,45,0,492,492,29425,3833620,OK,HIST_DROP_DELTA=3
2026-07-04T06:15:20.698165+00:00,34189.089,60,1436.7079,0.08190,21004,9515663,29487,29460.4,322,1022,4,27.0,0.0,0.0,45,0,493,493,29490,3833620,OK,HIST_DROP_DELTA=4
2026-07-04T06:16:25.237110+00:00,34253.628,60,1436.8270,0.09020,20632,9536295,29551,29524.4,325,1026,4,27.0,0.0,0.0,45,0,494,494,29554,3833624,OK,HIST_DROP_DELTA=4
2026-07-04T06:17:29.866312+00:00,34318.257,60,1439.5999,0.28336,21010,9557305,29616,29589.3,327,1029,3,27.0,0.0,0.0,45,0,495,495,29619,3833620,OK,HIST_DROP_DELTA=3
2026-07-04T06:18:34.446594+00:00,34382.837,60,1437.5733,0.14219,20744,9578049,29680,29653.3,334,1031,2,27.0,0.0,0.0,45,0,496,496,29683,3829724,OK,HIST_DROP_DELTA=2
2026-07-04T06:19:39.093584+00:00,34447.484,60,1435.4250,-0.00746,20738,9598787,29745,29718.2,345,1034,3,27.0,0.0,0.0,45,0,497,497,29748,3833636,OK,HIST_DROP_DELTA=3
2026-07-04T06:20:43.706991+00:00,34512.098,60,1438.0059,0.17233,20917,9619704,29810,29783.2,319,1037,3,27.0,0.0,0.0,45,0,498,498,29813,3833648,OK,HIST_DROP_DELTA=3
2026-07-04T06:21:48.273140+00:00,34576.664,60,1432.8931,-0.18383,20407,9640111,29874,29847.1,310,1040,3,27.0,0.0,0.0,46,0,499,499,29877,3838500,OK,SEG_ROLLOVER;HIST_DROP_DELTA=3
2026-07-04T06:22:52.811340+00:00,34641.202,60,1437.2315,0.11838,21169,9661280,29939,29912.0,326,1044,4,27.0,0.0,0.0,46,0,500,500,29942,3833636,OK,HIST_DROP_DELTA=4
2026-07-04T06:23:58.572135+00:00,34706.963,60,1437.9578,0.16898,20653,9681933,30004,29977.0,316,1047,3,27.0,0.0,0.0,46,0,501,501,30007,3833636,OK,HIST_DROP_DELTA=3
2026-07-04T06:25:03.036023+00:00,34771.427,60,1435.8931,0.02515,20545,9702478,30068,30040.9,308,1051,4,27.0,0.0,0.0,46,0,503,503,30072,3833624,OK,HIST_DROP_DELTA=4
2026-07-04T06:26:07.551633+00:00,34835.943,60,1436.0964,0.03931,21188,9723666,30134,30106.9,312,1054,3,27.0,0.0,0.0,46,0,504,504,30137,3833636,OK,HIST_DROP_DELTA=3
2026-07-04T06:27:12.106019+00:00,34900.497,60,1438.2984,0.19270,20357,9744023,30198,30170.8,321,1057,3,27.0,0.0,0.0,46,0,505,505,30201,3833624,OK,HIST_DROP_DELTA=3
2026-07-04T06:28:16.668873+00:00,34965.059,60,1438.2115,0.18665,20962,9764985,30263,30235.8,336,1060,3,27.0,0.0,0.0,46,0,506,506,30266,3833636,OK,HIST_DROP_DELTA=3
2026-07-04T06:29:21.187137+00:00,35029.578,60,1433.1860,-0.16343,20639,9785624,30327,30299.7,321,1063,3,27.0,0.0,0.0,46,0,507,507,30330,3833620,OK,HIST_DROP_DELTA=3
2026-07-04T06:30:25.639474+00:00,35094.030,60,1434.1716,-0.09477,21044,9806668,30392,30364.6,309,1066,3,27.0,0.0,0.0,46,0,508,508,30395,3833620,OK,HIST_DROP_DELTA=3
2026-07-04T06:31:30.151876+00:00,35158.543,60,1437.6194,0.14540,20598,9827266,30456,30428.6,300,1069,3,27.0,0.0,0.0,46,0,509,509,30459,3833620,OK,HIST_DROP_DELTA=3
2026-07-04T06:32:34.820020+00:00,35223.211,60,1434.3517,-0.08223,21048,9848314,30521,30493.5,304,1073,4,27.0,0.0,0.0,47,0,510,510,30524,3837680,OK,SEG_ROLLOVER;HIST_DROP_DELTA=4
2026-07-04T06:33:39.530806+00:00,35287.921,60,1433.0350,-0.17395,20468,9868782,30585,30557.5,323,1076,3,27.0,0.0,0.0,47,0,511,511,30588,3833624,OK,HIST_DROP_DELTA=3
2026-07-04T06:34:44.048172+00:00,35352.439,60,1439.5123,0.27726,21090,9889872,30650,30622.4,315,1079,3,27.0,0.0,0.0,47,0,512,512,30653,3833648,OK,HIST_DROP_DELTA=3
2026-07-04T06:35:48.709882+00:00,35417.100,60,1436.5099,0.06811,20907,9910779,30715,30687.3,324,1082,3,27.0,0.0,0.0,47,0,513,513,30718,3833648,OK,HIST_DROP_DELTA=3
2026-07-04T06:36:53.383381+00:00,35481.774,60,1430.3014,-0.36437,20641,9931420,30779,30751.3,376,1085,3,27.0,0.0,0.0,47,0,514,514,30782,3833636,OK,HIST_DROP_DELTA=3
2026-07-04T06:37:57.893639+00:00,35546.284,60,1432.7808,-0.19165,20793,9952213,30844,30816.2,309,1089,4,27.0,0.0,0.0,47,0,515,515,30847,3833636,OK,HIST_DROP_DELTA=4
2026-07-04T06:39:02.500650+00:00,35610.891,60,1436.1878,0.04567,20612,9972825,30908,30880.2,339,1093,4,27.0,0.0,0.0,47,0,517,517,30911,3833644,OK,HIST_DROP_DELTA=4
2026-07-04T06:40:07.010930+00:00,35675.402,60,1435.0726,-0.03201,20760,9993585,30973,30945.1,319,1096,3,27.0,0.0,0.0,47,0,518,518,30976,3833644,OK,HIST_DROP_DELTA=3
2026-07-04T06:41:11.430797+00:00,35739.821,60,1431.8433,-0.25697,20674,10014259,31038,31010.1,301,1099,3,27.0,0.0,0.0,47,0,519,519,31040,3833644,OK,HIST_DROP_DELTA=3
2026-07-04T06:42:15.832298+00:00,35804.223,60,1433.3655,-0.15092,20536,10034795,31102,31074.0,334,1102,3,27.0,0.0,0.0,47,0,520,520,31105,3833648,OK,HIST_DROP_DELTA=3
2026-07-04T06:43:20.392184+00:00,35868.783,60,1433.1952,-0.16279,20609,10055404,31166,31137.9,333,1105,3,26.5,0.0,0.0,48,0,521,521,31169,3838508,OK,SEG_ROLLOVER;HIST_DROP_DELTA=3;DEVLOG=1
2026-07-04T06:44:25.163474+00:00,35933.554,60,1436.0992,0.03951,20946,10076350,31231,31202.9,308,1108,3,26.5,0.0,0.0,48,0,522,522,31234,3833620,OK,HIST_DROP_DELTA=3
2026-07-04T06:45:29.777629+00:00,35998.168,60,1436.9286,0.09728,20879,10097229,31296,31267.8,321,1111,3,26.5,0.0,0.0,48,0,523,523,31299,3833620,OK,HIST_DROP_DELTA=3
2026-07-04T06:46:34.498025+00:00,36062.889,60,1434.6689,-0.06013,20608,10117837,31360,31331.8,311,1113,2,26.5,0.0,0.0,48,0,524,524,31363,3829508,OK,HIST_DROP_DELTA=2
2026-07-04T06:47:39.310506+00:00,36127.701,60,1435.7329,0.01399,20864,10138701,31425,31396.7,296,1117,4,26.5,0.0,0.0,48,0,525,525,31428,3833620,OK,HIST_DROP_DELTA=4
2026-07-04T06:48:43.819150+00:00,36192.210,60,1433.8660,-0.11606,20809,10159510,31490,31461.7,291,1121,4,26.5,0.0,0.0,48,0,526,526,31493,3833620,OK,HIST_DROP_DELTA=4
2026-07-04T06:49:48.550462+00:00,36256.941,60,1434.6814,-0.05926,20625,10180135,31554,31525.6,343,1124,3,26.5,0.0,0.0,48,0,527,527,31557,3833648,OK,HIST_DROP_DELTA=3
2026-07-04T06:50:53.051165+00:00,36321.442,60,1436.2440,0.04959,20909,10201044,31619,31590.5,307,1126,2,26.5,0.0,0.0,48,0,528,528,31622,3833628,OK,HIST_DROP_DELTA=2
2026-07-04T06:51:57.663832+00:00,36386.054,60,1439.0509,0.24512,20692,10221736,31684,31655.5,324,1129,3,26.5,0.0,0.0,48,0,529,529,31687,3833628,OK,HIST_DROP_DELTA=3
2026-07-04T06:53:03.093275+00:00,36451.484,60,1434.1631,-0.09537,20561,10242297,31748,31719.4,334,1133,4,26.5,0.0,0.0,48,0,531,530,31751,3833636,OK,HIST_DROP_DELTA=4
2026-07-04T06:54:07.652088+00:00,36516.043,60,1434.4717,-0.07387,21400,10263697,31814,31785.4,306,1138,5,26.5,0.0,0.0,49,0,532,532,31817,3838512,OK,SEG_ROLLOVER;HIST_DROP_DELTA=5
2026-07-04T06:55:12.278943+00:00,36580.670,60,1432.9523,-0.17971,20579,10284276,31878,31849.3,347,1140,2,26.5,0.0,0.0,49,0,533,533,31881,3833644,OK,HIST_DROP_DELTA=2
2026-07-04T06:56:16.778279+00:00,36645.169,60,1436.7293,0.08340,20668,10304944,31943,31914.2,303,1143,3,26.5,0.0,0.0,49,0,534,534,31946,3833632,OK,HIST_DROP_DELTA=3
2026-07-04T06:57:21.239264+00:00,36709.630,60,1433.6916,-0.12821,20448,10325392,32007,31978.2,336,1145,2,26.5,0.0,0.0,49,0,535,535,32010,3833644,OK,HIST_DROP_DELTA=2
2026-07-04T06:58:25.645880+00:00,36774.036,60,1437.0490,0.10567,20867,10346259,32072,32043.1,305,1148,3,26.5,0.0,0.0,49,0,536,536,32075,3833644,OK,HIST_DROP_DELTA=3
2026-07-04T06:59:30.057798+00:00,36838.448,60,1433.3003,-0.15547,20635,10366894,32136,32107.1,326,1150,2,26.5,0.0,0.0,49,0,537,537,32139,3833620,OK,HIST_DROP_DELTA=2
2026-07-04T07:00:34.773583+00:00,36903.164,60,1437.2232,0.11781,20973,10387867,32201,32172.0,346,1153,3,26.5,0.0,0.0,49,0,538,538,32204,3832844,OK,HIST_DROP_DELTA=3
2026-07-04T07:01:39.333668+00:00,36967.724,60,1435.2313,-0.02096,20721,10408588,32265,32236.0,340,1156,3,26.5,0.0,0.0,49,0,539,539,32268,3833620,OK,HIST_DROP_DELTA=3
2026-07-04T07:02:43.844652+00:00,37032.235,60,1437.1359,0.11172,20918,10429506,32330,32300.9,341,1159,3,26.5,0.0,0.0,49,0,540,540,32333,3833620,OK,HIST_DROP_DELTA=3;SNTP_LIKELY
2026-07-04T07:03:48.450380+00:00,37096.842,60,1435.3448,-0.01305,20558,10450064,32394,32364.8,315,1162,3,26.5,0.0,0.0,49,0,541,541,32397,3833612,OK,HIST_DROP_DELTA=3;SNTP_LIKELY
2026-07-04T07:04:53.021101+00:00,37161.412,60,1432.6698,-0.19939,20971,10471035,32459,32429.8,325,1164,2,26.5,0.0,0.0,49,0,542,542,32462,3833636,OK,HIST_DROP_DELTA=2;SNTP_LIKELY
2026-07-04T07:05:57.751670+00:00,37226.143,60,1434.2047,-0.09247,21019,10492054,32524,32494.7,324,1167,3,26.5,0.0,0.0,50,0,543,543,32527,3838492,OK,SEG_ROLLOVER;HIST_DROP_DELTA=3
2026-07-04T07:07:02.358122+00:00,37290.749,60,1433.6065,-0.13414,20552,10512606,32588,32558.7,313,1169,2,26.5,0.0,0.0,50,0,545,545,32591,3833648,OK,HIST_DROP_DELTA=2
2026-07-04T07:08:06.874988+00:00,37355.266,60,1433.5885,-0.13539,21054,10533660,32653,32623.6,306,1173,4,26.5,0.0,0.0,50,0,546,546,32656,3833632,OK,HIST_DROP_DELTA=4
2026-07-04T07:09:11.526600+00:00,37419.917,60,1437.3462,0.12637,20475,10554135,32717,32687.6,323,1177,4,26.5,0.0,0.0,50,0,547,547,32720,3833644,OK,HIST_DROP_DELTA=4
2026-07-04T07:10:16.509290+00:00,37484.900,60,1436.6977,0.08120,20695,10574830,32782,32752.5,370,1180,3,26.5,0.0,0.0,50,0,548,548,32785,3833644,OK,HIST_DROP_DELTA=3
2026-07-04T07:11:21.834545+00:00,37550.225,60,1431.5777,-0.27546,21260,10596090,32848,32818.4,308,1183,3,26.5,0.0,0.0,50,0,549,549,32851,3833644,OK,HIST_DROP_DELTA=3
2026-07-04T07:12:26.391858+00:00,37614.782,60,1435.2179,-0.02189,20628,10616718,32912,32882.4,306,1187,4,26.5,0.0,0.0,50,0,550,550,32915,3833644,OK,HIST_DROP_DELTA=4
2026-07-04T07:13:30.965184+00:00,37679.356,60,1433.2582,-0.15840,20969,10637687,32977,32947.3,310,1190,3,27.0,0.0,0.0,50,0,551,551,32980,3833644,OK,HIST_DROP_DELTA=3;DEVLOG=1
2026-07-04T07:14:35.450346+00:00,37743.841,60,1435.6360,0.00724,20715,10658402,33041,33011.3,303,1194,4,27.0,0.0,0.0,50,0,552,552,33044,3833620,OK,HIST_DROP_DELTA=4
2026-07-04T07:15:40.029091+00:00,37808.420,60,1432.0244,-0.24435,20922,10679324,33106,33076.2,335,1197,3,27.0,0.0,0.0,50,0,553,553,33109,3833620,OK,HIST_DROP_DELTA=3
2026-07-04T07:16:44.643123+00:00,37873.034,60,1435.9546,0.02943,20794,10700118,33171,33141.1,293,1200,3,27.0,0.0,0.0,51,0,554,554,33174,3838488,OK,SEG_ROLLOVER;HIST_DROP_DELTA=3
2026-07-04T07:17:49.255109+00:00,37937.646,60,1432.9746,-0.17816,20959,10721077,33235,33205.1,334,1202,2,27.0,0.0,0.0,51,0,555,555,33238,3833620,OK,HIST_DROP_DELTA=2
2026-07-04T07:18:53.840287+00:00,38002.231,60,1433.6244,-0.13289,20825,10741902,33300,33270.0,319,1205,3,27.0,0.0,0.0,51,0,556,556,33303,3833544,OK,HIST_DROP_DELTA=3
2026-07-04T07:19:58.232282+00:00,38066.623,60,1432.5525,-0.20756,20478,10762380,33364,33334.0,335,1208,3,27.0,0.0,0.0,51,0,557,557,33367,3833648,OK,HIST_DROP_DELTA=3
2026-07-04T07:21:02.742130+00:00,38131.133,60,1432.7981,-0.19045,20336,10782716,33428,33397.9,301,1212,4,27.0,0.0,0.0,51,0,559,559,33432,3833648,OK,HIST_DROP_DELTA=4
2026-07-04T07:22:07.472700+00:00,38195.863,60,1432.2975,-0.22533,20994,10803710,33493,33462.9,325,1215,3,27.0,0.0,0.0,51,0,560,560,33496,3833636,OK,HIST_DROP_DELTA=3
2026-07-04T07:23:12.220704+00:00,38260.611,60,1434.7932,-0.05147,20782,10824492,33558,33527.8,318,1218,3,27.0,0.0,0.0,51,0,561,561,33561,3833640,OK,HIST_DROP_DELTA=3
2026-07-04T07:24:17.047945+00:00,38325.439,60,1434.6638,-0.06049,21038,10845530,33623,33592.7,320,1222,4,27.0,0.0,0.0,51,0,562,562,33626,3833636,OK,HIST_DROP_DELTA=4
2026-07-04T07:25:21.518913+00:00,38389.909,60,1432.9781,-0.17791,20961,10866491,33688,33657.7,327,1225,3,27.0,0.0,0.0,51,0,563,563,33691,3833624,OK,HIST_DROP_DELTA=3
2026-07-04T07:26:26.133064+00:00,38454.524,60,1433.4872,-0.14245,20533,10887024,33752,33721.6,364,1228,3,27.0,0.0,0.0,51,0,564,564,33755,3833640,OK,HIST_DROP_DELTA=3
2026-07-04T07:27:30.696627+00:00,38519.087,60,1431.7934,-0.26044,20965,10907989,33817,33786.6,331,1231,3,27.0,0.0,0.0,52,0,565,565,33820,3838484,OK,SEG_ROLLOVER;HIST_DROP_DELTA=3
2026-07-04T07:28:34.985682+00:00,38583.376,60,1432.4540,-0.21442,20643,10928632,33881,33850.5,310,1234,3,27.0,0.0,0.0,52,0,566,566,33884,3832844,OK,HIST_DROP_DELTA=3
2026-07-04T07:29:39.461797+00:00,38647.852,60,1436.1294,0.04161,20582,10949214,33946,33915.4,329,1238,4,27.0,0.0,0.0,52,0,567,567,33948,3833616,OK,HIST_DROP_DELTA=4
2026-07-04T07:30:43.950451+00:00,38712.341,60,1434.6024,-0.06476,20521,10969735,34010,33979.4,332,1240,2,27.0,0.0,0.0,52,0,568,568,34013,3833620,OK,HIST_DROP_DELTA=2
